,"0.0, 8.0","1.0, 48.0","2.0, 12.0","2.0, 53.0","3.0, 10.0","3.0, 28.0","3.0, 45.0","3.0, 58.0","4.0, 4.0","4.0, 16.0","4.0, 22.0","4.0, 44.0","4.0, 58.0","5.0, 6.0","5.0, 28.0","5.0, 42.0"
-5.0,-0.40283065516625416,-0.9086910819417398,-0.05040379446964909,-0.11365017610871148,-1.132497380811145,0.39170832708704806,-0.4407874391844805,-0.6875907556271601,0.46619132408158737,0.3747726396073461,0.3640245636368565,-0.6569934994737465,-0.47385203457733954,0.9229949418117794,0.3563551619651089,-0.07084345814170695
-4.95,-0.28882792738045504,-0.9083839163542597,-0.1399481847866261,-0.12520036943957447,-1.136862558239525,0.34868143225070813,-0.5389597890867566,-0.675964301434347,0.4242605695838475,0.46608571939661614,0.20391411454498548,-0.5792834170960934,-0.4344779528084535,0.7331446037011494,0.3342570267506149,-0.031914413494866956
-4.9,-0.13639547816083708,-0.9448238322448601,-0.18478103777667199,-0.16716599603933147,-1.119544602369627,0.32587624871478815,-0.6048718335704335,-0.6680562402784901,0.36977697624994743,0.5803864538755061,0.06144675696327451,-0.4624163043188195,-0.41600597584560856,0.5859738611787735,0.36455455804316494,-0.02038798698373695
-4.85,0.006714585677982887,-0.95279721972513,-0.18201202730594168,-0.23655914517342447,-1.0923036201179679,0.33773853339258797,-0.6463461796366755,-0.7001671140527851,0.3344551909966975,0.672769746246406,-0.0554960616303225,-0.3536037996990854,-0.4477399324701115,0.4677800673783785,0.40254276426517893,-0.016603672867015945
-4.8,0.1049844965239739,-0.9026956296802497,-0.1501421018865186,-0.3194092044125933,-1.034898669132914,0.30963051902996797,-0.6755025422736844,-0.7350740635175591,0.3098743738605274,0.7992902249917659,-0.12936458726280953,-0.2273154316537888,-0.4847006637795495,0.3667843744302175,0.4304997656358249,-0.035046677920496955
-4.75,0.19194260366039295,-0.8307076850300299,-0.1281114366313078,-0.32697802601335596,-0.9131028938101327,0.280511592764068,-0.7096738008647024,-0.7385096076595097,0.3683390580066874,0.918022978682866,-0.19330820659133513,-0.09399421456929549,-0.49776789339585853,0.2543256908516456,0.4348571846488939,-0.02151135112196495
-4.7,0.2563712720317459,-0.7351606817640297,-0.1088627588406082,-0.2901421539021344,-0.820263730741878,0.2233656610627881,-0.7770056943627532,-0.6877013877820081,0.4454032279587774,0.9586648460371161,-0.2529128335180565,-0.014770198314939476,-0.4950599233647625,0.1793500961617135,0.37022646535508497,0.029699366158390555
-4.65,0.32341792173286393,-0.66303986121958,-0.1132617417724989,-0.19739011135305648,-0.70319800586307,0.1436389207792721,-0.8198128744636608,-0.562890846518943,0.5237501241223774,0.982285860430606,-0.31247355796024584,0.058911587626943485,-0.48021891703213254,0.11140683949834451,0.2956776718160729,0.08935756388729685
-4.6,0.38601162251422494,-0.62999885099737,-0.124525140896773,-0.13734063470433647,-0.621009281021765,0.0726662159094581,-0.818094943095787,-0.4384444722875051,0.5944246901181773,0.9693052775725661,-0.39401155102991653,0.1648213833225925,-0.4873190050144645,0.041152354930239554,0.23445520799366593,0.11081954277855115
-4.55,0.44219443646092493,-0.5974536885677897,-0.08727463851704519,-0.11956212346976847,-0.539704164567242,0.04539529495850203,-0.7988578919382261,-0.3890490910863701,0.6274465911987874,0.9151300336884061,-0.4221561007406105,0.3081622376436575,-0.5066788925859795,0.003799222323326523,0.19799982650572595,0.11191214772578575
-4.5,0.45616210253768097,-0.5572288224684498,-0.05220374564303329,-0.13596802325914947,-0.407218783861741,0.043396363643570024,-0.7381684261117532,-0.3582532510787101,0.6306945126905275,0.880417257629216,-0.3982436342307155,0.4594374427496765,-0.5216094892398595,0.0021404359898005154,0.12801382985276794,0.10933247657073815
-4.45,0.4296398920471499,-0.4606209442756999,0.01130069998075281,-0.11934364547635848,-0.264764635979751,0.07637494599722705,-0.6699582103775436,-0.3121850197169981,0.6732968210688075,0.845535660232096,-0.3513098900274164,0.5438471409055274,-0.5085354788281886,0.016775313881408516,0.053697737135740886,0.16195976469995876
-4.4,0.4147979404534569,-0.3429201575195,0.0434896102124408,-0.11449268521065648,-0.10988930976163203,0.07783035073298206,-0.6351107325684064,-0.2682817787240881,0.7267140903580573,0.806320027172506,-0.3227627026829153,0.6204364834055145,-0.4454282734586115,0.005039299932621533,0.0006995458733549675,0.26205463770746007
-4.35,0.43517765042848794,-0.23922546706947,0.044067944241423795,-0.056397914386034476,0.00809937107386105,0.011630678766012092,-0.5793552970377875,-0.22247012912702013,0.7555838309794574,0.724607011616496,-0.2831526508575346,0.6452934434268085,-0.3472990423625166,-0.045653635601677456,-0.060096098434625045,0.32167178168478106
-4.3,0.48843237623955393,-0.14009618106265997,0.0320502366866868,-0.007533078722019471,0.09532589841618899,-0.06516853533799993,-0.4793549293804525,-0.16658551739192906,0.7487168342151074,0.609233246793786,-0.2820334976042012,0.6401994822698684,-0.2544596393848055,-0.10801094808614048,-0.10154386834503204,0.39899947614789005
-4.25,0.5506919432772939,-0.09957678046918983,0.09999360184262182,-0.014428369168209498,0.16771629493810902,-0.12747611242135592,-0.3766381126934435,-0.16319987042386208,0.7478851223589975,0.531872543736106,-0.2275314749169226,0.6746630312875945,-0.20991596086363257,-0.12251598680125647,-0.0804551034142631,0.45657148276014703
-4.2,0.535631861751413,-0.062218475727019884,0.2115720758095248,0.008085054800846536,0.21536773112348806,-0.12095572274903499,-0.25809674325526855,-0.13852019298512608,0.7683926567583075,0.436110547233556,-0.11374726761625051,0.6852360715981736,-0.2362832170940195,-0.06337950195851849,-0.02508957230883102,0.4744054222818381
-4.15,0.4619982362490869,0.025755254262670002,0.2952549484568258,-0.0003739472852864467,0.23912872711890798,-0.12304669521362499,-0.1453260558199685,-0.12604464666253012,0.8053039799103074,0.35188433337328595,0.012014265594064488,0.6827129887453025,-0.2602709005962445,0.015590220516474518,-0.0006995458733550786,0.523350014695878
-4.1,0.39628517150450093,0.08495119942992013,0.33932211645401383,-0.00284907055734146,0.27444946653132796,-0.13167948554612896,-0.057287943931805474,-0.0629184049900251,0.8336979110471374,0.28361820994671594,0.12015524565441849,0.6660761879171795,-0.25376815136409253,0.08674637470281454,0.004026630620907912,0.563669733525646
-4.05,0.35247015962442396,0.13828735170838002,0.3373516372401358,0.04798863018443955,0.32524730044776806,-0.12108915041391699,-0.009690140033206451,-0.020519622394124082,0.8547378408733075,0.215478183708826,0.19580388462772247,0.6125792320822185,-0.19435281010147348,0.09699325886137955,-0.04249955071441003,0.605264449211596
-4.0,0.34245797117975296,0.19679490204267003,0.3365768788585078,0.06879481040720253,0.3387853294671881,-0.11039793699225398,0.048442252654796514,0.024133513797166883,0.8085445222083274,0.1122801978299961,0.2172061752400845,0.5250650679394364,-0.10249314882587651,0.10059867251958254,-0.09961311716995402,0.615261630341781
-3.95,0.35172852085203193,0.2436326675018201,0.34172761907234683,0.06234884050349254,0.34605963008736795,-0.0674721767236679,0.13573771666664847,0.02051962239412397,0.7163119311147075,0.03717888298872607,0.25301533078249244,0.46595480910951453,-0.02769563620312654,0.09531395884939253,-0.10574125264955103,0.588943610122132
-3.9,0.33537859918937396,0.27946883684650015,0.3580495116015918,-0.00670991562644746,0.313354941318998,-0.0017561285635530055,0.22131032616545943,-0.05095849731610003,0.5938278593188675,-0.05297673426134897,0.3011108553429405,0.3994282496733505,0.05017330247145646,0.08675208360188952,-0.08481986762653204,0.521061323928892
-3.85,0.29371409576201796,0.34829348896301005,0.41299278986170385,-0.048133427424052466,0.30839724581764805,0.04580055247446102,0.2585345013146896,-0.13167974115972003,0.4315616172970975,-0.094198194040791,0.3968812996535345,0.30862466583972853,0.11934832823991948,0.10433644944632753,-0.05925301318923504,0.45719971412925103
-3.8,0.23576091958631695,0.4122959563421391,0.4185351139856678,-0.00394126220682145,0.329816875789108,0.040043692432156,0.2989879583449495,-0.13814879120103907,0.31333531668668746,-0.07315426657255397,0.47477805189158345,0.1642442757281095,0.1953361971790815,0.09179904635211655,-0.08526690109848911,0.41304580727621704
-3.75,0.18470461037427993,0.4630721109423491,0.3771138737512678,0.0905120502457305,0.3344527135536781,0.01726091023667209,0.30379641553003944,-0.08856305118809504,0.2559601139330254,-0.07649751485747291,0.4923659438395705,0.010668250058645523,0.27371545265040376,0.0930425142160815,-0.11415014067379903,0.40576187320993107
-3.7,0.161636266635392,0.47806238619181607,0.3073190495952528,0.12044147949863454,0.360081771528318,-0.045132070308203986,0.2982949645651294,-0.05232721406307106,0.18303690510563642,-0.09282962661674099,0.48644994876439746,-0.11576973229795551,0.3531205350659628,0.06779532886493556,-0.14292850999701812,0.36761615175065504
-3.65,0.13922983037189596,0.44327308202402504,0.2650332179546828,0.19299018234883247,0.3746191987193681,-0.10155618998221794,0.3306041934546995,-0.028737304491388116,0.11675294824818738,-0.12263526296333893,0.5019380338589345,-0.233181808651362,0.38064767984782827,0.048357631919232535,-0.17512314651107208,0.30063797080978105
-3.6,0.13112221358277398,0.37648504217938017,0.2858938920363558,0.20861261992388358,0.4067599798572481,-0.078004520885389,0.36976103471138955,-0.025516595789875085,0.032461208140081466,-0.13340733508799596,0.5401826693546026,-0.323263347404571,0.34151929946737136,0.09716063249128853,-0.17509586083937811,0.21875710002510007
-3.55,0.08652632325172094,0.29960489967155013,0.3126766812837438,0.22822526606211957,0.4745227861452781,0.0017561285635530055,0.3693472875456394,-0.0504254760756101,-0.03044225349873253,-0.09556173161811599,0.5988727181102516,-0.3798155223447275,0.2855472084923356,0.17594410165319851,-0.18337424304378103,0.12983416470669315
-3.5,0.004355830590583976,0.29462089811245007,0.27482620667022784,0.2587305825823625,0.542855430279708,0.0951104469814531,0.3808762295045396,-0.026072081984909068,-0.1085930422196496,-0.06529862430391198,0.6365045672966856,-0.4576002765721715,0.25016503894634945,0.23933764478647757,-0.23410068709252607,0.06628436280353925
-3.45,-0.026998407263103097,0.28221239380975005,0.1958564863429148,0.27243740239518155,0.617339356538708,0.12234282829667409,0.34182799911253947,-0.02191865094061307,-0.17883534105370857,-0.05039289071452191,0.6168958521332224,-0.5370971128442645,0.2603080815048885,0.21499800699560156,-0.2987539442785181,0.04485556109406625
-3.4,-0.004355830590584087,0.23372469515171002,0.10309042839639082,0.36166852179805253,0.679108296121588,0.09583194863147704,0.2709112127883295,0.03448749842227794,-0.24923704429458654,-0.09589317804970299,0.5513369926876706,-0.6387413802036286,0.3002861559703758,0.12256398895686554,-0.35896799041806804,0.021225902266142654
-3.35,0.0049498668875849194,0.2161414433365101,0.026943349357303803,0.4524355062298825,0.6884143474997979,0.029198464752594022,0.2588664884562195,0.07968381636633792,-0.29163903459488455,-0.14924557253775195,0.46258110197730945,-0.7458939377755884,0.35213378928427386,0.03482474805922253,-0.4139008290283601,-0.015097065912088953
-3.3,0.013459253193353948,0.15141584345900005,0.020580337145371802,0.4775698250736985,0.6493952681184281,-0.039573949015559995,0.29738171291059956,0.10743915659453995,-0.3486126808310296,-0.2269795092642699,0.3939902460890075,-0.7957653991554265,0.34624577507315907,-0.00214043598980046,-0.3771811724817471,-0.048072653920026936
-3.25,-0.011998564339535056,0.05813870065970006,0.024279154167676814,0.4576260931399765,0.610069040020708,-0.07833986532945392,0.3377947187800494,0.1028697008170909,-0.39776410964385756,-0.2372662526405389,0.38905462772811944,-0.7955366262046004,0.2763761839743021,-0.01722309159039448,-0.2716895976152711,-0.08366647265979393
-3.2,-0.05091877761156005,-0.025755254262670002,0.05176837835773582,0.42841209319080154,0.606833860833238,-0.13991485533929193,0.33149949268488954,0.10150624677951292,-0.39642203609969356,-0.18200469043729994,0.3652624201905355,-0.7803762885448955,0.1932943298152505,-0.02058469308652444,-0.1505625284256601,-0.08555874288402296
-3.15,-0.08412966809675004,-0.09720955378333995,0.0812958273789798,0.4544658808118325,0.6056568906956481,-0.22287394374080993,0.2983562101543096,0.11481768864365793,-0.34416108523396055,-0.12158549716326095,0.32661679494989654,-0.7360139280821315,0.11762107851896247,-0.030101912120041485,-0.07721527243712112,-0.03832004007621395
-3.1,-0.10547055330157007,-0.18516499331470992,0.016847728339522805,0.4493136077586135,0.569441760992438,-0.309545424405711,0.3137373023054195,0.18097250480333082,-0.2552874106478836,-0.10790359660312399,0.22590002161744344,-0.7166899132648126,0.08179904847165048,-0.07276530355968547,-0.032879451936687065,0.015097065912088953
-3.05,-0.07190229027685302,-0.25360660862799,-0.0281362702587709,0.37127737049762355,0.5022997322382781,-0.363710675788076,0.3091157871737895,0.223963932840181,-0.1953262720707576,-0.141386688159177,0.1450741108251295,-0.6749657209382856,0.028801962778726486,-0.11257747442890848,0.05967865426144292,0.04852255865693075
-3.0,-0.03018654790958808,-0.3230580358750199,-0.030014855779326485,0.28068854997465353,0.397486694040438,-0.40108859083600495,0.30918044540944956,0.21215431456023093,-0.17941206232040852,-0.18453477330911094,0.0855355529499835,-0.6382950115188875,-0.014668367482694511,-0.16813804051668746,0.16721432404177494,0.020532503580786454
-2.95,-0.03177612830209109,-0.3948167024658198,-0.004158071870287994,0.21670391485735852,0.2524904855104879,-0.41796995611642795,0.32012033172845955,0.196062192947821,-0.14301799284785455,-0.21249534188432195,0.07062129001585049,-0.5752487336175875,-0.0899244970708225,-0.19909260721025446,0.2717008386181639,-0.03316959281509696
-2.9,-0.04567608332014905,-0.39642217568026994,0.013292578697441812,0.13356855719475252,0.12524594494081498,-0.3945299248849469,0.30347146928555957,0.185712474216001,-0.1464755888104926,-0.21848586692669192,0.07506778741359849,-0.5044980729214374,-0.15258180475748856,-0.22960577244751945,0.3796279030735249,-0.07155835791532095
-2.85,-0.12673287729942107,-0.3485372416116299,-0.034910511006324293,0.0866051556162985,-0.00809937107386094,-0.39511188911470996,0.2597604116041894,0.18099312346497087,-0.11024732027911854,-0.217228490873986,0.04172985724294148,-0.41772282398628247,-0.16219542223379252,-0.31526327752503647,0.4267941475590349,-0.08274716560277595
-2.8,-0.19503938602100102,-0.2637288357180998,-0.12529128282461088,0.053981008480249504,-0.20567213687946195,-0.441107811830904,0.21023172665378942,0.20403932771061095,-0.048909116734282554,-0.263086842403225,-0.012014265594064488,-0.3764534623892695,-0.12278768304502452,-0.4190926560201488,0.43610691723082695,-0.11110878102916394
-2.75,-0.22518773330820907,-0.21500888828103992,-0.1855171580631844,0.03514768177304051,-0.389710723054704,-0.523037761119681,0.13828969033850846,0.21488606288837087,-0.0074721961539675474,-0.283487655017298,-0.10399698081824352,-0.3479441266818964,-0.054293955853630504,-0.5370525008056934,0.46864019705191196,-0.13637131064076893
-2.7,-0.2833663780550151,-0.1628902727728998,-0.2364015392545562,0.023229704856163547,-0.562683500051468,-0.54208700862106,0.11382640741960048,0.26194104891856096,0.007472196153967436,-0.27081511005816095,-0.1600086196944925,-0.2825236542025902,-0.0022133329554694936,-0.6037196686406305,0.4920667801787759,-0.18241034285599694
-2.65,-0.36797721999260413,-0.08988298769697001,-0.22038644372785618,-0.08549641825365145,-0.7437779892014235,-0.4831452564530859,0.11764073499294248,0.238842806072461,-0.019072658644383567,-0.19921872561951992,-0.1765015237379705,-0.1588304439179645,0.0022133329554694936,-0.5901627695945735,0.5279583711938299,-0.25085753183809695
-2.6,-0.45257018167876417,-0.05115821236897,-0.1873219862876706,-0.16861841275596648,-0.8663934854955577,-0.327407591818448,0.08708837791361446,0.17781816316617083,-0.07486815671651359,-0.12834989668460595,-0.1347028233095005,-0.010668250058645523,-0.011698732261280542,-0.5614221469212195,0.5553829350615255,-0.29673060513565896
-2.55,-0.5550051368383941,0.04105441852056013,-0.22381519487252519,-0.19549714532871948,-0.97219652766429,-0.182659689841561,0.009690140033206451,0.18069718514630084,-0.1150500949889316,-0.025258432255886976,-0.10728570069016952,0.0930717519494435,0.014772561452329469,-0.5407242882099095,0.527301193685218,-0.33427872710359496
-2.5,-0.6390429250984941,0.16548710048791015,-0.2903520646737022,-0.16967137970066848,-1.039347699887549,-0.0920632501721309,-0.09395059681596951,0.19858629122156102,-0.11288650261426458,0.03351429786226601,-0.1387767047438815,0.1522227284604315,0.1051691387389625,-0.5247511572557324,0.41368113200839896,-0.34274946818513197
-2.45,-0.731795831813804,0.31934569818070013,-0.3861277545214522,-0.11996089168516946,-1.119890002389786,-0.02180384569293692,-0.16003847488218548,0.24042098452584093,-0.13255750371889252,0.016044030629476014,-0.17572529743181553,0.1756713442508705,0.22665872099322348,-0.5519504978748815,0.27192123848131694,-0.36542136648848594
-2.4,-0.787675031656524,0.4674147775750641,-0.4678425476652872,-0.1296137227188945,-1.198031095914663,0.04390076676075505,-0.19433529037232555,0.29218616912429085,-0.1873093785180946,0.0026313738518480845,-0.19184564067779242,0.1672403223443935,0.3375004401733769,-0.5659934846921675,0.1523331273519089,-0.42210421893506495
-2.35,-0.8250301867671141,0.585597307865594,-0.4281614201951502,-0.10934649080035147,-1.259729030454988,0.13543201068232302,-0.2637450571865775,0.285332305763931,-0.2771053541639036,-0.012243552389190948,-0.15344635597776551,0.2093541673846655,0.40408692655431877,-0.5515593973438945,0.07633036949836691,-0.4909568778237449
-2.3,-0.9247068595175241,0.7150815388087751,-0.3569076789725462,-0.07022714001897545,-1.3174065183530361,0.22329714918506816,-0.3357512249079095,0.2538920778338809,-0.3305363638411626,-0.0026313738518479735,-0.11362431824815852,0.27004224715762953,0.4581186390533631,-0.5035910347213405,0.009060377448517953,-0.5390661627078179
-2.25,-1.025164653071154,0.8737244246425561,-0.2915405361921112,-0.05257883348581749,-1.328472957161494,0.287015145944008,-0.3998175362253735,0.246077243210431,-0.36600978269541656,0.06275789918281593,-0.04730931496014551,0.3397542733781465,0.49369125045477347,-0.4579976206534875,-0.04090897069158206,-0.5276489528193369
-2.2,-1.100731566232064,1.054843983694033,-0.2434863150357652,0.00037394728528650223,-1.294255043352099,0.32774101130842803,-0.4817096080741075,0.24194559325101084,-0.36178536461361255,0.12052113268659603,-0.015216112870608534,0.3631347445382775,0.5662316408024225,-0.4134718576586174,-0.08189149148228703,-0.48963715683897596
-2.15,-1.171380622209424,1.191892736799541,-0.19793778489946617,0.05284116498123653,-1.28782010968634,0.3232939518803781,-0.5196152592698124,0.23022482066871097,-0.3065005036809926,0.14582891581010604,-0.042621996066904505,0.37009165092041246,0.6669746390611905,-0.37969469125586947,-0.15126796602593806,-0.4313395257321359
-2.1,-1.166485941195074,1.2777368243860252,-0.1311129419640777,0.08260754226098754,-1.296124667298188,0.29754550999142815,-0.5392436867812425,0.24106586623721094,-0.28198098256705156,0.13589470979486595,-0.04568036411975451,0.3362821812734685,0.7403754111945595,-0.3113848387746608,-0.17033135558673607,-0.3772213117178139
-2.05,-1.184090145293944,1.3021520756964762,0.004158071870288008,0.0729616377282295,-1.293011509403505,0.28591045516942803,-0.5130806088052404,0.24754545214267099,-0.30200703164921655,0.14094057942870597,-0.04954319136203453,0.33632803071750755,0.7635751001465775,-0.23389318887426347,-0.12403735928249804,-0.33704114176040395
-2.0,-1.232550686871154,1.3136824968006562,0.12671225951627782,0.056126134986269505,-1.3199986081128539,0.30701359561823804,-0.4831557874065915,0.21945909081016102,-0.27839967009111155,0.12611568088872604,0.014143788385572509,0.3580284250152595,0.7369915722228685,-0.12504152317798548,-0.07552406191658412,-0.3055366462990469
-1.95,-1.264784425666624,1.3145074339006717,0.2483408402250848,0.01615774459063951,-1.330235246878208,0.31500226998482805,-0.4975282405970265,0.14906664017415094,-0.25819841675581356,0.12113722426904605,0.06505508124022047,0.3654991004436155,0.7261528179387136,-0.029187760796328455,-0.023659755916084046,-0.27470444029042196
-1.9,-1.3199238870115642,1.3118598871334972,0.3031422933546868,0.06575585759027153,-1.2739410559341,0.27565386340255804,-0.5642339668238375,0.11821783698980393,-0.19619201121624552,0.09366532118317594,0.09234495320774849,0.30381648633775754,0.7653453343807185,-0.007296777114662478,0.03164897580132797,-0.21591390478212297
-1.85,-1.366158699551524,1.3423479266612148,0.2948944133123088,0.07512689831478953,-1.224906413072822,0.12315130378289707,-0.6467918968306745,0.11198574468469191,-0.1322348217150896,0.06380277319124605,0.0914403989149225,0.2343727778626305,0.8167301422167105,-0.02515909802708849,0.09262965976898696,-0.12902666538923593
-1.8,-1.382638690975684,1.3435106295624886,0.3357352066279028,0.04752380453285654,-1.1271407542389729,0.002356066103626042,-0.6745930385925815,0.07661543873201893,-0.040701331165271526,-0.02709085461967098,0.08492778350691549,0.1613643817593245,0.8506211380991284,-0.037042876831175464,0.1487746811558629,-0.05391694281647494
-1.75,-1.388203916580084,1.3022671010261102,0.40157429725741883,-0.0036289048480164787,-1.064322862295066,-0.07433324370315897,-0.7028000049896309,0.023116961100705935,0.03964829449395746,-0.11582463218740191,0.11846684154065851,0.10630721833093548,0.8211404413966754,-0.07107603916590449,0.23995363125788594,-0.011086585982317945
-1.7,-1.3687038692220541,1.2125300839326751,0.5083755581472608,-0.06837654647438846,-1.006206263340508,-0.10227891141727397,-0.727546095010537,-0.05254459428274505,0.11956438193206542,-0.168848737300064,0.17032080187341248,0.07308176979543851,0.7786103731332634,-0.07241047594187244,0.33318710298858295,0.02696505117230645
-1.65,-1.3887631363013642,1.115760618091377,0.6136144893259438,-0.08767043294925148,-0.940538042801371,-0.08740616912132493,-0.7681714883491868,-0.1388722616495931,0.1963294464548384,-0.212277778019912,0.18823904902239746,0.05017603308874252,0.7141532165783424,-0.06756385765031248,0.4242723002945139,0.07330049247564885
-1.6,-1.4442598290969941,1.056696568831922,0.6722582725438508,-0.12025859869033148,-0.8520694927492958,-0.08194126302223892,-0.7956582303176751,-0.18407137611416513,0.34205639920121733,-0.216521997911178,0.17790453294132746,0.03225161022277451,0.6739506710564415,-0.08721034070303046,0.47052875040463393,0.13534916297062777
-1.55,-1.476239395593874,0.9882577994620341,0.6876287121347878,-0.09637313634820949,-0.737889704760677,-0.06637870011972291,-0.817041290834187,-0.1930705165872021,0.4750674052873074,-0.22448775386780595,0.14454809663284246,-0.009546075496871476,0.6853966174132735,-0.14515643462995448,0.4670002150322129,0.18195285362451014
-1.5,-1.506595004770664,0.8904148271431861,0.6976785971133358,-0.038584356224470484,-0.652478771520455,-0.045268965042655984,-0.850759523589081,-0.19516096809372208,0.6171812132012575,-0.30739082643844395,0.0853364073340005,-0.0657492110900195,0.7217083123243484,-0.20458638711112648,0.41538976755432694,0.19245517697118375
-1.45,-1.5369949326738939,0.7726672262306071,0.7161095948478378,-0.0350965377297795,-0.6297613825362429,0.0011013285578420628,-0.8560648456874875,-0.19996084667193603,0.6606005680380374,-0.38726626004947595,0.008846066614066506,-0.0976351526700655,0.7150211381984315,-0.27532661485630816,0.35290215554638693,0.19383079508041334
-1.4,-1.568310843022094,0.647177066690314,0.7663287942104308,-0.04423167497745345,-0.570797656388168,0.05372293310718601,-0.8886856859958592,-0.20008785038076604,0.6617015118607574,-0.44182181559354194,-0.014652332430327542,-0.1162627536170085,0.6662044608517794,-0.3178476561714061,0.34244440571168294,0.13471759155384536
-1.35,-1.657539547745454,0.5551642228266971,0.8323531916497908,-0.022842721778053465,-0.49209591706601796,0.1365988232418871,-0.9155647987672685,-0.2443340969559391,0.6564770060991574,-0.44580047855929594,-0.0525819678211685,-0.11055392841231451,0.6031527991873374,-0.33393842540162816,0.3414266489918769,0.05122301718450755
-1.3,-1.7120816807557941,0.5381180528007451,0.8446525965609698,0.016859138909696536,-0.33183321387592796,0.23264870793320802,-0.9915934715826075,-0.30672228099143606,0.6818570574122775,-0.39869770853573894,-0.06454107307117252,-0.0871282870236385,0.5816378233439805,-0.3509735700064693,0.2868973022196889,0.011567639279299047
-1.25,-1.750428851178724,0.5570005842849431,0.8378576581017628,0.08219413054150154,-0.14190275528298701,0.293752140994038,-1.0424584421857295,-0.32062468431609803,0.6928321803591575,-0.34783007950821,-0.09394605692061953,-0.0805371068410255,0.5844697445680695,-0.3990748456851303,0.21649311952988892,-0.014917364842075953
-1.2,-1.801819456624694,0.5832197063008511,0.8128995740209308,0.16761354586919652,0.004780063987574024,0.3143417840087581,-1.0531696205081105,-0.32283963319883313,0.7157424405266075,-0.3585049319285799,-0.10535368074013951,-0.11192858187296051,0.6052144753787485,-0.46367527103088546,0.1246662310631999,-0.029930627241837954
-1.15,-1.7916529536411538,0.5915208240691521,0.8241896636837538,0.21772845467762547,0.064375141349993,0.35474417592208796,-0.9980780144544295,-0.3304606005630071,0.7517296151797774,-0.3920123012117409,-0.0912226701653355,-0.11067854275519551,0.5948712849232535,-0.4708313591942905,0.034634981400733955,-0.06478296611996096
-1.1,-1.7662634800293342,0.5601669728984211,0.8995736504363319,0.28493036989163156,0.10435322260074698,0.45451579492859806,-0.8877552180454154,-0.3562660829060841,0.8012997735804974,-0.4356694010686769,-0.06907260790215852,-0.11940839025514449,0.5388427594884275,-0.4439063565495015,-0.04187151802935807,-0.15556299792661793
-1.05,-1.7597851098848742,0.5326039183883321,0.9484992932835238,0.3458259255516215,0.06943896820573903,0.5075343837061281,-0.8062510577972508,-0.4105445268386941,0.8119913986762575,-0.40190965171344895,-0.005359409651360503,-0.0706134324018105,0.4663161431179953,-0.3952397525832353,-0.0986763812166721,-0.26468727433026895
-1.0,-1.7781088115124242,0.5604278050665381,0.9992049783137239,0.3964683832488435,0.04054428530488596,0.542348682009318,-0.6883897717945445,-0.4141999658744281,0.7938391017822375,-0.3732288505164699,0.030029116248278476,-0.009838962922222527,0.458026682636131,-0.3226755539202902,-0.1456978762121831,-0.34128256309333893
-0.95,-1.8374525817279241,0.6257752379464511,0.9707312151393338,0.44762746370774753,0.04557962357140499,0.5481061278361881,-0.6013753946106886,-0.3717946206472191,0.7851673036491775,-0.361868207803967,0.07344074913320547,0.05310063898821449,0.44236853662534936,-0.25016089987303813,-0.19527551618472305,-0.4012383007568599
-0.9,-1.899907898616714,0.6841425315664571,0.8986049399555738,0.49614899639692156,0.045344044119194016,0.5027747347748381,-0.5130677734787366,-0.3337155259462251,0.8063505011979575,-0.366862676576336,0.1131398934571975,0.1057791930725605,0.4808918808664055,-0.21010625027518548,-0.22904676842997906,-0.45326959119041493
-0.85,-1.9353784406044439,0.7107943068646561,0.7872570528215478,0.5543006334291045,0.0024737094539070137,0.44080064273756814,-0.4035733936047265,-0.34212711952738906,0.7507310327006875,-0.3886348877848309,0.1593253726808545,0.12479872095793448,0.4958786846151375,-0.16289297891124546,-0.22202015440923006,-0.5457610298824629
-0.8,-1.9451270668017442,0.7100727820585631,0.6872015622859838,0.5158071537975145,-0.08985278176867895,0.36975361351161795,-0.24879972580150556,-0.3874813056482331,0.6813889591776774,-0.45662132371820696,0.21861080432637253,0.16272054580359452,0.4382393772800783,-0.07754970187716947,-0.15950910807168406,-0.6596408555415219
-0.75,-1.9672821598290742,0.7244514887799701,0.6025770397174988,0.4491443639583025,-0.15992501101792,0.31900001263339806,-0.056979071080704546,-0.4797767144821641,0.5744746574373274,-0.446682607382908,0.2962661654572695,0.2404089445927195,0.3404330729670214,0.02486222612523753,-0.06850763596639609,-0.7756944171249389
-0.7,-2.010614498206314,0.7483364532235581,0.5217794296753928,0.4286174844085975,-0.16861162925724393,0.264871823928408,0.11668142333786446,-0.5667574788471731,0.5372213145945275,-0.4262465714578919,0.40878781114891644,0.31980102562812346,0.26802000369567847,0.14137423907086355,0.031462293735699975,-0.858656781630992
-0.65,-2.0646194536467837,0.7910888763985091,0.3842548044130558,0.4249862795003425,-0.18722427353986404,0.21183163641400804,0.2859544490078194,-0.640140942786746,0.5332288953217175,-0.3949851242471,0.48031739023336145,0.38534111489339545,0.20010349876807448,0.2155225306345735,0.06969304151810896,-0.871191842515594
-0.6,-2.0744081743591343,0.8282410821745071,0.20173458427538482,0.40986058706370954,-0.21450654020307902,0.099339183478525,0.42452468575224955,-0.675553205714259,0.5802833974312773,-0.40687986237012796,0.5441593255030266,0.43740196202692955,0.1835458194341565,0.22441092108420357,0.06483857793431791,-0.815218804450037
-0.55,-2.1106210102966143,0.8095476227635691,0.022336572810140815,0.3852499396837935,-0.313740490106414,-0.04723295777249992,0.5971682506957194,-0.691240554116582,0.6072404263822175,-0.521705754889971,0.5826641223525124,0.43783273660493954,0.13835139306345948,0.21868754101509058,0.10279931438406692,-0.7738764382326899
-0.5,-2.1198153538293543,0.7479927679008411,-0.12985003039610019,0.3120808998406075,-0.44481806961737597,-0.16393936731471592,0.7444743187434195,-0.7293910285817471,0.6080321151766475,-0.669483433974861,0.5584947068600226,0.4345713212707815,0.09773856060654745,0.22782217709081454,0.1520196519082439,-0.75218974251741
-0.45,-2.1210693966139145,0.6847098510341181,-0.23295821915596118,0.20712884366591255,-0.5507408476264,-0.228940486587205,0.8742657986343696,-0.7690713826915966,0.5913143683936675,-0.769434812412546,0.4997854608870205,0.49797949305688755,0.008711794975698461,0.2799876177056886,0.2672077753625369,-0.741243012768243
-0.4,-2.1502003243005436,0.6367030700685771,-0.3404797074150542,0.09162504970046054,-0.624336995978809,-0.27928819691264395,0.9867522207208994,-0.8201076431794334,0.5358678584449474,-0.835756418198071,0.42749193319188045,0.5409196128842384,-0.10859659514803355,0.3369942686160975,0.3807530007597069,-0.749586500703826
-0.35,-2.1982620498765737,0.6364941061114411,-0.4788911711565712,-0.013374050085812494,-0.6779796936798039,-0.34328534601252897,1.0242839959453995,-0.8184315047148797,0.48254475469180735,-0.8595793376544489,0.34666381626209747,0.5943670255370415,-0.1745004289595215,0.35331040703159355,0.46678370118148493,-0.718276171158321
-0.3,-2.239968811432324,0.6546394740887621,-0.6025081574703572,-0.09797872315969347,-0.669643731745698,-0.40128826896313796,1.0556344179473496,-0.7694551009280847,0.4541235215916475,-0.9232038931318722,0.2144876160218145,0.5759648573336236,-0.21693316067310148,0.3163545061476505,0.5583061231875297,-0.648137708411014
-0.25,-2.2649413736737545,0.6344946915419901,-0.7701939161903631,-0.14414838370873748,-0.6572084383492409,-0.45061537671603197,1.0465723050483595,-0.7604301961835096,0.4412102084303875,-0.9867510766687793,0.07924515015237549,0.5225140505826564,-0.28365381027896047,0.23340890943296355,0.6181749913670331,-0.582553150188587
-0.2,-2.2092425197780043,0.59580804737262,-0.8861614337765052,-0.17936479846586148,-0.699898304775977,-0.505423960723588,1.0631509180509096,-0.8084507813149833,0.4130797952918075,-1.043870777683452,-0.06878506579174651,0.45174399991137354,-0.3297199475830695,0.15765205691146655,0.701061174983366,-0.5384468104606019
-0.15,-2.118410408061754,0.5715548121377831,-0.9471639622840222,-0.22628866930272146,-0.7309104384662871,-0.533158284364231,1.1155683850524496,-0.8537844938966869,0.3659066104717874,-1.0770963881011737,-0.1467922759877375,0.39859447439195145,-0.43166499879905756,0.12110961081585953,0.7813299180950259,-0.5379055280172389
-0.1,-2.018383153610074,0.5918459005909691,-0.9745487068387252,-0.2937800360962888,-0.718759684005155,-0.531422367866909,1.1392880251003294,-0.8665823457981537,0.35191136886537744,-1.108121842596036,-0.208070373733867,0.38053017216697455,-0.5294107077579815,0.11867146864652356,0.8446245926156819,-0.48813443451185995
-0.05,-1.955956374087514,0.6396610416253911,-0.9983266579157852,-0.2858979153536755,-0.637089743608786,-0.5385662418851069,1.0641460582077995,-0.8396069898784752,0.3564322520470775,-1.0486019018777946,-0.2688065157111389,0.35834160617214855,-0.5539365945971966,0.07443998647703154,0.855406686528627,-0.38904219719976196
-0.0,-1.891571413261744,0.6923509718269681,-1.0590797892282202,-0.26967942676258316,-0.5641282473892859,-0.586787796917322,0.9345985735459694,-0.720024370244506,0.41568944675826747,-1.0430684024230623,-0.3404228264898478,0.28694573892768255,-0.5450093881283564,0.00010916842601754739,0.8553895630723118,-0.27204986662038394
0.05,-1.771310639742034,0.7430119533637001,-1.1169626376878163,-0.27219043619355554,-0.5273661947092949,-0.645793864814366,0.7859474370534394,-0.5589120495819351,0.4765514681669174,-1.0506152680097784,-0.4177041482058175,0.2036455932360255,-0.5280099489575785,-0.11042040900106648,0.8399323337652029,-0.20426560415143297
0.1,-1.607546834513814,0.7857760276204911,-1.1384106519207062,-0.2752708954985232,-0.507365108356084,-0.6968303012887103,0.6518959147335295,-0.4102323877422911,0.5332307493103974,-1.0673289942026578,-0.49117638659885754,0.11032702868454453,-0.46769142362610555,-0.17305854178583446,0.8615392259645239,-0.16155755661638593
0.15,-1.443085825386744,0.8154988096703601,-1.0841471707372023,-0.28758612003496287,-0.484454743988078,-0.6749302496276129,0.5442321356269095,-0.2841891102469831,0.5471524656128475,-1.0597819998918279,-0.5559844010936534,0.0401584865672065,-0.4722046342036685,-0.18369201149167247,0.9310573772188819,-0.19900039507110995
0.2,-1.250890241643194,0.867307700714054,-1.0004992766541712,-0.2817319190024313,-0.444206732544445,-0.6023911560728069,0.43814035899533943,-0.16768288828796907,0.5534170854980274,-0.9682185146560017,-0.5982819186671016,0.021348913786781498,-0.45114203193756347,-0.17128484340312347,0.9759272806108319,-0.24039456775751694
0.25,-1.097686150650534,0.95209013190987,-0.9324676979768072,-0.23211095847660046,-0.39781862210680496,-0.535598440064625,0.3421405596267795,-0.07459726366051911,0.5841072553540974,-0.817684281595052,-0.5594999770298195,0.04695755940193652,-0.43533311564615856,-0.12544250742210947,1.017697780730165,-0.26307152553898294
0.3,-0.9474780785341042,1.060741004665014,-0.9158343144448512,-0.12012618262389546,-0.334107352873097,-0.508589294893439,0.2538316879888596,0.052676008902940885,0.6804617711517373,-0.657801258258246,-0.5223741663772535,-0.004033897911976503,-0.38009815901770055,-0.12715480101913545,0.999596709206441,-0.25640207354732597
0.35,-0.7957018800058742,1.1803075828931642,-0.9410787460420172,0.049163080479610544,-0.252872274124076,-0.525978272591437,0.15632934069588644,0.19660817620915094,0.7814844445567175,-0.517902819348772,-0.4909123543759595,-0.03019680021357049,-0.24595463034938153,-0.18129505224392947,0.9614749603355659,-0.19510075683251493
0.4,-0.628930145037794,1.2784778111241661,-0.9484772481713162,0.22345004866313056,-0.20577048604237103,-0.5358162540898309,0.10977831986677244,0.284189278228111,0.8723065747821275,-0.419469539016484,-0.45491586446041754,-0.08610422346553351,-0.1127961658478005,-0.22219316444077547,0.9290960992791449,-0.16801470008352593
0.45,-0.439228956129724,1.3222589031149168,-0.9465389453480212,0.38319299354629555,-0.19652045907331694,-0.49661114581527194,0.044602507770009514,0.341429475342631,0.9344772173233173,-0.342352708596688,-0.37779995518909515,-0.09852768818111352,0.016356548984087504,-0.22654490848397646,0.8784343115335429,-0.17131853130345592
0.5,-0.22401529216776206,1.3733093429400018,-0.8787324499953882,0.4930331299178605,-0.195771812611384,-0.45059553023616294,0.015802638753065534,0.3666933333374409,0.9757528199171075,-0.24415334386915,-0.2503026282281145,-0.056057289948139494,0.1180143585672585,-0.15820967392262647,0.8526618474975299,-0.19811095755544095
0.55,-0.06307599141283504,1.4058849378654419,-0.7653994710006522,0.5854408157759246,-0.17242435317280502,-0.36722044980444696,0.012859007631019548,0.4124504133877809,1.0172615482881175,-0.15382401731237494,-0.12633326948755652,0.00897306646752849,0.1960603323602255,-0.10287928037899846,0.8053939791017749,-0.20461584095168595
0.6,0.05165583584596889,1.4586283592911202,-0.6785194628506532,0.6823919319941906,-0.13594216170973794,-0.278285253527532,-0.05776657569665755,0.468333266806251,1.0650085989379774,-0.07991783070750991,-0.09295780011034252,0.07670892989192651,0.32488451131469487,-0.07207811671447245,0.712746914215351,-0.14554088251912595
0.65,0.14944887378926797,1.4703115964365636,-0.5991450859707432,0.7914853725971006,-0.11652222657142797,-0.218550347769929,-0.13914439404806656,0.5384844672620108,1.1481495282566574,-0.006790695619315001,-0.10014426236982751,0.0904097223820105,0.48916252666962545,-0.09089337260593247,0.591616229492993,-0.09214863084043595
0.7,0.26360697962507995,1.4728809458116294,-0.5285519815634462,0.8648823516478404,-0.14364413448985203,-0.152470141095011,-0.12596123664353953,0.593514440415311,1.2286615912024874,-0.025537045714439932,-0.1300434700530445,0.0746643134104985,0.6290495546288465,-0.09644069323262247,0.5088059553159737,-0.06526398584129794
0.75,0.37501008205302594,1.4505991209629618,-0.4128979125138882,0.9235941632416006,-0.15399448485108003,-0.042377839393086925,-0.06479977297371753,0.589961480645091,1.2838108342637475,-0.05179053053801197,-0.1730663562773465,0.09535697034866547,0.7832260617581634,-0.07168045601362649,0.45203932769714095,-0.054476989880233945
0.8,0.42894729612444993,1.4082657161089853,-0.3097456852659752,0.9768457130061204,-0.162914870780684,0.07169380151053906,0.02044749796349954,0.5093225057432509,1.2934087068455475,-0.08702051023311597,-0.22421766336906962,0.1344590175209175,0.8956236875844834,0.007807153990215532,0.4185603174052479,-0.025172063980090947
0.85,0.4536494923642829,1.3860783123168978,-0.20220597376483618,1.0171359238268605,-0.15697770733300898,0.20564826772435707,0.11545921937369952,0.42654827302978093,1.2708160938517474,-0.12280361430101594,-0.2282156035559299,0.21901060471856448,0.9390481090996434,0.059988926067724546,0.3744750390564359,-0.013710987879655953
0.9,0.431967045718775,1.379044679136276,-0.147528522733266,1.0697957772317004,-0.12067570974522301,0.3276037988721381,0.19904840520226752,0.3781977034363808,1.2528828788113775,-0.17594668674234093,-0.2230061846170701,0.29156373745197545,1.0226407809144096,0.08341932398082652,0.3072485780829519,0.044088142778516755
0.95,0.3779634441839229,1.376036125626632,-0.1160575149859075,1.1382551448697704,-0.06880443423430094,0.41536525080764797,0.27349285677445945,0.34599816516927095,1.2629093032667675,-0.2272986109190439,-0.23735854415093421,0.3427148186763465,1.0860456160724774,0.09001036727852452,0.2384999036960379,0.12318739622330085
1.0,0.37382866862127695,1.359700371178451,-0.0830547342798174,1.1927669752383507,0.0035579644604609717,0.49174749340148804,0.34847297035449953,0.34572941281383085,1.2711840070392175,-0.33990664791202596,-0.2828757345808559,0.3401604645657565,1.1460710302214976,0.04548919880433955,0.14874447723452394,0.18957314151697163
1.05,0.3859008301565409,1.3044828437543492,-0.02469243750780309,1.1990166617048503,0.03515805132366401,0.569673903052258,0.4349947836566894,0.303798658316091,1.1768601178057374,-0.500017097003897,-0.2924844218044928,0.3950059978339055,1.2036205196234644,0.027744107584538547,0.07430752873745294,0.21490736051034004
1.1,0.39019703729145794,1.2095805212658381,0.08919103651269181,1.1067323874043007,0.03530931585513797,0.6794989037166881,0.5216912213382594,0.24931506498219091,1.1042735879596974,-0.6424844545856079,-0.28855763529666884,0.4177148765421475,1.1903263255527305,0.03503209606270252,0.011176169599890873,0.20451141048847704
1.15,0.3569817120664389,1.104717393823867,0.21322883718664182,0.9783336208683905,0.07493421290971203,0.795635792833338,0.5881728939461495,0.213993279728941,1.0410627382164475,-0.7594272731792049,-0.28957366941565094,0.4933734355684965,1.1599033190359134,0.09285615915325451,-0.032758335894034096,0.21653047640521705
1.2,0.29180075936566496,1.0691243790561331,0.3364266889408818,0.8902974836010406,0.12008958667167202,0.8890918498345681,0.6822512811074795,0.1894124625927709,1.0045191866990975,-0.833295798811692,-0.3152683947335303,0.5630471184292245,1.1231686602393185,0.1505678746223285,-0.07528691246473407,0.26569821360566104
1.25,0.16071027162386098,1.0497803874970222,0.3997907231741418,0.8591905149064806,0.17751589498933706,0.972841789025358,0.7425015882942696,0.2478771467389309,0.9961078034021373,-0.8972394181402176,-0.3886096895418789,0.5762541674913124,1.1139899784250396,0.16392717048329553,-0.13134114359706606,0.34549863364652905
1.3,0.03250868464076695,1.057748719614394,0.3714643325548558,0.8521781855683505,0.2328712704590381,1.008874451516578,0.7419086566911395,0.3249413166910209,1.0134823839291274,-0.956844045066939,-0.4571787123713235,0.5535942084214656,1.1171034021122226,0.1761000959601935,-0.19786326906735907,0.43005124830424907
1.35,-0.05245752946137505,1.036300263154706,0.3580654332838078,0.8302805518827004,0.24013009397988805,1.0418129414260882,0.8059300703967094,0.4032882128546209,1.0110940278216574,-1.0164047695091283,-0.47787133211780153,0.5293505671636825,1.0953392775330395,0.1822608740749906,-0.19974498524434903,0.5023266024128861
1.4,-0.12921461856013206,1.008345797332459,0.3661732285692918,0.7917078869645605,0.22806283863184795,1.088369678304018,0.8944013707279195,0.4739627788504208,0.9185458134543274,-1.097942762578799,-0.4799650815637585,0.5741145442086375,1.0151462121012764,0.2172225632521635,-0.15486745885117204,0.556221306371901
1.45,-0.2303600263904081,0.9630295608933401,0.37439098093535383,0.7605343699352406,0.2061173270257579,1.1527730912726781,0.9521608209533494,0.5069846799310309,0.7894126537149475,-1.126087312289493,-0.4593801691277185,0.6307834833501935,0.9079165535120646,0.27377698334417955,-0.1387380425068101,0.5792502483267961
1.5,-0.3178959873218651,0.947775631873315,0.3613322748888398,0.7587169185109205,0.15873637442727107,1.2128305751036381,1.0197952724953594,0.5102326014227709,0.6500011600943374,-1.102174845779598,-0.40855145382532154,0.6744500946347276,0.7459504284832055,0.33073048671462857,-0.14249061644769212,0.6211163708234781
1.55,-0.36400225365762395,0.964601516746826,0.3445971466666658,0.7874907619842405,0.16114783943781497,1.2927620534203879,1.0757794139436294,0.552834909801051,0.5454735299484275,-1.0552411015762988,-0.3650214934356274,0.7209673867123285,0.6371112082179504,0.34999737588518154,-0.1572435171449671,0.6848501107365441
1.6,-0.4221203435846441,0.97310102102436,0.3126859520364148,0.8248726955242706,0.16244665239328204,1.3264685934340879,1.0867742145361294,0.6062521790903008,0.4681184284419775,-1.0266939142317977,-0.3342343769574932,0.7155988299463825,0.6160790341598654,0.3736187705680395,-0.18106221714640702,0.7580132499024881
1.65,-0.4380181548286841,0.9763453933794831,0.2967708633537488,0.8536777522008104,0.094137370561023,1.324600903686728,1.1169034493861496,0.6351219197117008,0.3810618765635674,-0.9870838624064171,-0.3256535344759674,0.6830361768884734,0.5970275608727424,0.3652674677075185,-0.22258675010518303,0.820329759537906
1.7,-0.410033651306724,0.9596639854852391,0.2926894029962268,0.8366316704416205,0.0021628770305119893,1.3204932085783079,1.1635304510170295,0.6282549229473509,0.2621549611461025,-0.9859647091530837,-0.2915061278012228,0.6312493839305335,0.5671440270838625,0.3760574686313095,-0.2527335892130931,0.864219199031889
1.75,-0.431178425904714,0.9425899262733142,0.3102638178763158,0.8186064145431106,-0.09385095228668694,1.3568695893358682,1.2006319934897995,0.627423211091241,0.11226704077162242,-0.9314626864658051,-0.2495288977258542,0.6008981369075974,0.5334525464454195,0.4078399651111555,-0.2689163008253561,0.8967019194734132
1.8,-0.4904797130254941,0.972599935235896,0.3228079213771308,0.8124810380728006,-0.17136998042432994,1.4044706813476782,1.1725851837061294,0.647930745490551,0.05872636892110639,-0.8176784791651329,-0.21389791077887982,0.5564312165913465,0.48157056017345246,0.4349656617720865,-0.25062391401748507,0.9475196534365982
1.85,-0.584166634193314,1.037634297095979,0.2990140734005768,0.8990677248155104,-0.187022185138791,1.439240944265348,1.1317121057643196,0.6848420686425509,-0.004392622921164602,-0.691916945954818,-0.2150087891194869,0.5775703108349635,0.4735604305391585,0.48425888157677954,-0.22291520145587007,1.000052438853626
1.9,-0.650696591275314,1.124606073149897,0.2233430607378138,1.0220051200671305,-0.21604110126268194,1.415769564134468,1.0787100521043296,0.7132359997793809,-0.08478224251320754,-0.5837759658944639,-0.2369380611022483,0.5561405645671116,0.48279227288127247,0.46540857870884755,-0.22379946565878006,1.0826407116620091
1.95,-0.715900043288344,1.166558708541888,0.1259991668912288,1.1128761450803104,-0.23719851053650998,1.370308207631438,1.0247499515198195,0.734275929605551,-0.15457375936482554,-0.5081273269211599,-0.2231185983224908,0.5061963717334315,0.5016063887148845,0.4010158563269095,-0.22868911633351008,1.137141546202524
2.0,-0.7303796608070441,1.1757283445068611,0.0976376692450518,1.1485077754640804,-0.26950206565423895,1.340573931021578,1.0040293508558495,0.6880826109405709,-0.24415775033967657,-0.48672503630879793,-0.1929404422000982,0.4620897731200205,0.5402973456551635,0.3483823252344376,-0.21878986117029708,1.166242458613234
2.05,-0.743750161808344,1.166890600009439,0.1397826315872618,1.1416146443723605,-0.31765544555680797,1.345619370973398,1.0226714558873196,0.595850019846951,-0.37336887211136155,-0.45091588076639,-0.1626520912536575,0.45418624905065147,0.5722952053124375,0.31200582152447054,-0.15104018223393711,1.1520986226876442
2.1,-0.7780706704993041,1.1660106092234122,0.1986782929787138,1.1332353444856005,-0.34089291284331996,1.333318956326078,1.0061825037047896,0.473365948051111,-0.4711444547342786,-0.4028203562059419,-0.12951882292198352,0.44318318186919553,0.5957000581129774,0.28453904642270056,-0.08870138864281008,1.073878355919474
2.15,-0.831745628324734,1.2124415862714242,0.2314940622096348,1.1628233460851107,-0.326641801311316,1.3167522495718882,0.9896266882615794,0.311099706029341,-0.4833700383800076,-0.3070499118953479,-0.0670651384351395,0.3866674687151915,0.6885149753040375,0.25640869004223554,-0.053666325986177044,1.0211542506011682
2.2,-0.8549862070643441,1.297654492881201,0.23315023612758978,1.2077449566829905,-0.26400180676753393,1.263872574456328,0.9349034916440595,0.19287340541893094,-0.44908983648187556,-0.229153159657299,-0.014521252678324492,0.33477821904599353,0.8350489352751695,0.19239393457136955,-0.017893277219154125,1.0585574061098801
2.25,-0.876922263165534,1.3807834137651565,0.2530835206846028,1.2652551831932506,-0.21333319610858403,1.182426518917308,0.8034450500248496,0.1354982026652689,-0.40574785293767157,-0.21156526770931194,0.009260970106011512,0.27777495215411047,1.0549474073031044,0.08289814917528854,0.019209862268965927,1.087694071981526
2.3,-0.904087577925424,1.4311886765117916,0.3025332918454218,1.2954407862086805,-0.22807108092963302,1.049773514461888,0.6830777014788294,0.0625749938378799,-0.37097589362435557,-0.21748126278448499,0.027957608258974476,0.17946973945267453,1.2638097948841416,-0.03419147720405147,0.05757488887334394,1.073221759785308
2.35,-0.9003516963260141,1.45022561320386,0.3742387198894418,1.3079630557349105,-0.255521441188278,0.9841444276578981,0.5825439318915895,-0.0037089630195691337,-0.34575340068504057,-0.20199317768994796,0.017666033595734487,0.10094958729308051,1.3845947067036426,-0.14959218921195447,0.11488554752643393,1.068433581798363
2.4,-0.924351221928944,1.4515313669471444,0.45250447597929777,1.3188603295037704,-0.22975399693241094,0.9699392163424481,0.48023491437426946,-0.08800070312767505,-0.31649325968655356,-0.16374854219427992,0.06377918665923549,0.0846755773614905,1.4763113971771926,-0.16649581003771147,0.19768457075264995,1.040097766787487
2.45,-0.999008687696004,1.4887568583283288,0.5558176250861678,1.3628906182538407,-0.19368305515949202,0.962915837322798,0.3342494275020995,-0.15090416476648905,-0.23870428961787354,-0.10505849343863094,0.09608977739448449,0.10043613719613248,1.5826908727294626,-0.17314314244717346,0.30649224431930494,0.997944797820902
2.5,-1.052831464506444,1.553036874286704,0.6554558434819399,1.4086203954382404,-0.14518386055211097,0.9065184080220081,0.1859832619901105,-0.22905495348740612,-0.11666906567555058,-0.06742664425219691,0.09569022114002451,0.10159502106249252,1.7028903207701225,-0.19832437207015047,0.4329266256309079,0.9953880545555132
2.55,-1.052750378227224,1.5942962595986092,0.7681639125791908,1.4530622482784006,-0.07095544711049095,0.8340632153393481,0.10533860973941245,-0.2992972523214651,-0.048481781803417556,-0.08703535941565999,0.09366133627511947,0.09256481937703148,1.8030410391251626,-0.2517136441418706,0.5137681327389743,1.0107671738572461
2.6,-0.988523631153434,1.612213669105694,0.9055525754457409,1.4362068906597307,-0.07073981542345698,0.754583789369238,0.0457722854196545,-0.36969895556234306,0.023431878788558458,-0.15259421886121194,0.1142112399310255,-0.0015082866760555147,1.8806689118479525,-0.33592022939744326,0.577379504335383,1.035719229554191
2.65,-0.9179544749747242,1.6019754430636362,1.0868759972629838,1.3740817119166904,-0.06809132795469097,0.751341438163768,0.03412185151063751,-0.41210094586264107,0.09808593420118039,-0.241350109571573,0.1447678823596995,-0.07800205168177751,1.9360985170271825,-0.3810302609304806,0.6862033181831705,1.003262183389428
2.7,-0.8189751535584742,1.5932335399673492,1.2852566073885536,1.2929532010769504,-0.08521576032927203,0.7782488688531481,0.031517996259340486,-0.4690745920987861,0.11865826462159346,-0.30994096545987493,0.1197189145563165,-0.11706146718528951,1.9694904303524026,-0.3531902727808084,0.832889523970117,0.964886899107787
2.75,-0.752325968709864,1.6148121541508,1.4537278381623038,1.2485797699782206,-0.096786120471692,0.768893729153068,0.020308804472211506,-0.5182260209116141,0.1530451856630345,-0.314876583820763,0.11734457447451246,-0.1267352126547145,1.9438387767774326,-0.3448953566120895,0.9670390783544889,0.944234104906851
2.8,-0.686083569458374,1.659234879807651,1.572503962674174,1.2575669970395706,-0.07807283203265503,0.7405881700158881,-0.020586766091185482,-0.51688394736745,0.19941529584218343,-0.33866879135834693,0.10401110314899947,-0.1368193578106605,1.9131336037043725,-0.35094133100659947,1.036776119746693,0.955250319606664
2.85,-0.6197880620029041,1.725682997065264,1.6292755612263239,1.2958468825391005,-0.050944391114227994,0.683731766065848,-0.05475946182950453,-0.46462299650171707,0.23103564701961143,-0.3773144165989859,0.0981005928879925,-0.17758927455759782,1.9109379544111125,-0.3724266808822563,1.0385077166559569,1.052050236112261
2.9,-0.4970537624587741,1.77827948273147,1.709962794512514,1.3105414663091506,-0.05341203402627703,0.5994074165582481,-0.1338851505112555,-0.3757493219156401,0.2238626798561224,-0.478031189931439,0.0558263000623645,-0.2144958954262861,1.8710283069698126,-0.42896938901188464,1.033142356159601,1.124863794340474
2.95,-0.3750956100454841,1.795530855739916,1.9024336040722236,1.2979096686141105,-0.11807512098123796,0.5290113694229581,-0.16711685583169056,-0.3157881833385141,0.18357650180506846,-0.5588571007237529,0.0237561179228285,-0.2336890602871236,1.7895709173303325,-0.45582535941683244,1.05538276115861,1.109300980051034
3.0,-0.262213067855378,1.7624578150024062,2.0894521744726435,1.2164356226884605,-0.17677399034224095,0.49046041484537795,-0.11582948223950451,-0.29987397358816503,0.1437936868112495,-0.618395658598899,0.007053781926976477,-0.2440719828261071,1.6339273335919224,-0.40902816607061354,1.094504117682172,1.066194089831481
3.05,-0.18555601030870905,1.749091029265519,2.251462080446194,1.1192539245538704,-0.18479016099801493,0.4859694209693681,-0.05996806743536254,-0.26347990411561106,0.09968297616136246,-0.633309921533032,0.01998687970012747,-0.1975868863652424,1.4440769954812924,-0.31147705863197445,1.125795299791633,1.0682948836201092
3.1,-0.1578051639716851,1.774327972092226,2.4067192343643438,1.0606593481339206,-0.16114895393124096,0.408119865861188,-0.002897316800457461,-0.2669375000782491,0.0785977616911574,-0.628863424135284,0.07347415210721947,-0.1259057917896375,1.2969062529589164,-0.19558085430548747,1.171387627289421,1.065661343416363
3.15,-0.10723850728339801,1.839164262866318,2.509126264687614,1.0206787905566506,-0.14852593663880498,0.28945311095595794,0.017358881108616497,-0.23070923154687506,0.09372360510961641,-0.662201354305941,0.05260005866273548,-0.1216801772551655,1.1787124591585214,-0.17304456207837146,1.15548872667472,1.094758776775012
3.2,-0.02435250979117609,1.886261742716486,2.5573583341984136,0.9761859915575405,-0.12824429216853794,0.176828958972857,0.07091879056635753,-0.16937102800203907,0.08274370648115548,-0.715945477142947,0.026281995535996472,-0.1613774494867855,1.0777167662103604,-0.19758289176173047,1.083691565880605,1.145914300286364
3.25,0.04497655932751499,1.867606247056913,2.607628221553744,0.9416410028745105,-0.143172812237935,0.08200685955033904,0.13506274729140855,-0.12793410742172406,0.06946541968357145,-0.807928192367126,0.029732785005222473,-0.20603914752929992,0.9652580826317885,-0.19623765186111947,0.992773040250619,1.1565908242848941
3.3,0.08022959505368998,1.834456926693279,2.6614920563333837,0.8928625150102806,-0.206666567096908,0.035750196182419036,0.18646502817873645,-0.11298971511378908,0.06120294707274543,-0.8639398312433749,0.017189068476577474,-0.21256836137553642,0.8902824879418565,-0.13067521342413946,0.9020190657482279,1.113764980956984
3.35,0.09812253504942892,1.8237569992941651,2.705034371781304,0.8493351578154505,-0.22816358921527602,0.026003562923465062,0.2533159104111695,-0.13953456991214008,0.03623093638969144,-0.880432735286853,0.040012130289535486,-0.1279155766334785,0.8223392312784874,-0.05891639025217149,0.8024868369587069,1.051534311095162
3.4,0.09671640016871497,1.8271901818483791,2.740960218471544,0.8395849422540306,-0.26798913937718594,0.006805636525933023,0.2747967043207795,-0.1953300679842701,0.018356007540325403,-0.838634034858383,0.1051640126321115,-0.03760334986153649,0.7520847467103825,0.01645144875882254,0.6789132842231802,1.018360253955328
3.45,0.06489878919428094,1.8656545756838492,2.723869095312344,0.8599980077097805,-0.268239054627299,-0.03326936994458396,0.2717021331352394,-0.2355120062566881,0.05472744085123349,-0.811216912239052,0.1721295157830705,0.040232065894327484,0.7147316141034694,0.01026745642376553,0.49816496142518574,1.009179722092228
3.5,0.040696187639801984,1.9065351429917152,2.6611423373021537,0.8588935087690704,-0.25808253774798595,-0.08303704417232793,0.24123713959367943,-0.2333484138820211,0.09269411078545242,-0.842707916292764,0.20686373773689348,0.09306077994228051,0.7130728277699434,0.015889675598188546,0.3192468096807529,0.997206917527194
3.55,0.03955474602197795,1.922367821989793,2.6139901399038536,0.8296550715190206,-0.27467797522318094,-0.126611822259186,0.24539831321725947,-0.25301941498664904,0.1293832655999544,-0.8796565089806979,0.2578507244847515,0.10118984721832752,0.7277077056615515,0.00791821439188356,0.16030053827435892,0.9695590408843071
3.6,0.05268503671623592,1.903784978244377,2.625244917121044,0.7564055314353105,-0.298119871961976,-0.10200420791329701,0.2608717059956196,-0.3077712897858511,0.15531719544677047,-0.8957768522266749,0.2838183642866435,0.1591939056279545,0.7159716917127645,0.03541843219420554,0.07727143909948497,0.901181793433171
3.65,0.01139927422387399,1.859237075009301,2.624361740391454,0.6767757983159205,-0.350220087339999,-0.024467706876653006,0.3382181016523895,-0.3975672654316601,0.19333503717099942,-0.857377567526648,0.32708978687213347,0.23259449917993752,0.6652787561784654,0.11591310220509154,0.02662600652962588,0.8156915209546671
3.7,-0.054308410973824106,1.8409268653706672,2.5484374416405537,0.6200885099817045,-0.34777132353207096,0.07088978871628104,0.41762409314557947,-0.4509982751089191,0.24615329826930243,-0.8175555297970409,0.3535111857888235,0.3071471244161265,0.6029214436940025,0.18875978497149548,-0.02597827978468903,0.779755465506438
3.75,-0.11356397968337006,1.8978516282364601,2.4498268443584035,0.6305985410810585,-0.31222649027556804,0.12389525254176204,0.42707243594540945,-0.4864716939631731,0.30839021378285736,-0.751240526509028,0.3883848765151345,0.35303498582500054,0.5884164049788865,0.17639849918379757,-0.10341817768178407,0.805077925186231
3.8,-0.13641693199154103,1.99607306750325,2.3107077690971836,0.6827966751464706,-0.309008013616217,0.18196809191353003,0.4033332981650095,-0.48224727588136906,0.41813024108872754,-0.719147324419491,0.38423851306130247,0.3266376813440995,0.6475528898216245,0.10129928441432151,-0.19128115107344912,0.8330675079789831
3.85,-0.11568804161235502,2.080607898547946,2.144560628744484,0.6940091901914406,-0.334988056915513,0.26980952617741805,0.39485640232858943,-0.4269624149487491,0.5153402236003375,-0.7465532076157869,0.3114387875872005,0.27654310283877753,0.7265226122966175,-0.016322505832130463,-0.3154758943588881,0.844845784663119
3.9,-0.1099045504124061,2.115024572782273,2.0601006051543136,0.6608221212797906,-0.35582533132879196,0.3739207445266681,0.4232096141364394,-0.4024428938348081,0.5665304725784075,-0.749611575668637,0.29871094616498645,0.25039484667090744,0.7976787664829574,-0.08230418359227448,-0.3266091733380031,0.8451028508730001
3.95,-0.08317694754467508,2.123904325643875,2.0068723342137837,0.6073865855744506,-0.391670499132675,0.46652525906340814,0.4565376380077095,-0.42246894291697307,0.5929104095883875,-0.7534744029109169,0.26638364401619347,0.27867352285813346,0.8079256506415224,-0.09235334984811047,-0.3163339387270321,0.8165602948232711
4.0,-0.04831638482947509,2.190241499652127,1.9215371031752735,0.5267214376733306,-0.428499150364421,0.5675658949153279,0.5137346989535394,-0.39886158135886807,0.5901080642358874,-0.6897874231633099,0.2526216997611435,0.35494270828657554,0.8115310642997255,-0.10620318601621748,-0.2766942225126491,0.801736041397916
4.05,-0.03588113195829601,2.272065408856143,1.7800676086291238,0.4695796752967595,-0.43134331998014597,0.6269478744597081,0.5547718250438596,-0.3786603280235701,0.5917971352093574,-0.638876130308662,0.26346322017440843,0.39881915496127446,0.8062463506295354,-0.16632681059825347,-0.20561236534151606,0.8495269932021421
4.1,-0.049835661079461024,2.3620397724053,1.6142412319916737,0.42145242325133747,-0.42354469297742,0.653372793087958,0.5486112260883296,-0.31665392248400204,0.6163062105262975,-0.611586258341134,0.2355038134967285,0.3433079719779845,0.7976844753820325,-0.23723571548550648,-0.09578236151929909,0.93757162064938
4.15,-0.03210914502515805,2.45268372753811,1.436317193574944,0.3894391152358635,-0.392329761222238,0.6165815803468782,0.5419753579719895,-0.2526967329828461,0.6304760904988174,-0.6124908126339599,0.1803341431049985,0.26703693955087154,0.8152688412264705,-0.3501517687888125,0.01701501696711194,1.0225075225603941
4.2,-0.002019930667688019,2.50307666893051,1.340565218226744,0.3655717546216395,-0.38386032453703,0.578518579442868,0.5569564132536895,-0.16116324243302804,0.5989668159310675,-0.619003428041967,0.14211342523604448,0.1759122701896625,0.8027314381322594,-0.42661988822294367,0.18591222732226392,1.085259598860721
4.25,0.04760322155921093,2.5177653452711404,1.2923805698477637,0.35359226931138055,-0.386786284622968,0.590957664230148,0.6033355957796296,-0.08081361677379906,0.5496652055680775,-0.5854643700082239,0.12322141825988547,0.11822284152762752,0.8039749059962245,-0.46451404313156447,0.3832201945225349,1.1345484654062241
4.3,0.05595565339637398,2.53530334932898,1.2504630160256038,0.34230894210255247,-0.356907131208575,0.6138237335402581,0.5920567234123995,-0.0008975293356910941,0.5357829693567475,-0.5336104096754699,0.10621250793651149,0.11739203921077151,0.7787277206450784,-0.4687628243746845,0.5756361910785392,1.199183838547444
4.35,0.038901517192116986,2.58092874267947,1.1626044290970738,0.38652909606495955,-0.32758131584955297,0.593840834599118,0.5538207396855594,0.07586753518708189,0.5339588017235675,-0.515692162526485,0.09808632475247547,0.10285093754693647,0.7592900236993755,-0.4813165525854365,0.727375711675887,1.278664836022944
4.4,0.04543023190112594,2.65908962042882,1.0429498904477037,0.4591244579251995,-0.23647098794598997,0.5330257614640581,0.49502290326527953,0.22159448793346082,0.5430270029134374,-0.5260266786075549,0.06982235221314048,0.05980989512157647,0.8080930242714315,-0.5405046511834785,0.844593255227363,1.401748310883464
4.45,0.09699387657591696,2.71755897316275,0.8930194708128548,0.5213738229055725,-0.17289223907551599,0.4357453623560381,0.3874848689698296,0.3546054940195509,0.5543467093858974,-0.55938311491604,0.06450484962775849,-0.02379838848912952,0.8868764934333415,-0.6216481771075464,0.9418038288447899,1.519623877184064
4.5,0.18179981195041395,2.70404328906855,0.7591272550717768,0.5648309297582985,-0.15796175145375901,0.37104847431159804,0.3283137600264594,0.496719301933501,0.5589511708577575,-0.6185948042148819,0.04060407853723247,-0.0509342747549375,0.9502700365666206,-0.6467139975225195,1.0362830176455688,1.574785322676764
4.55,0.25150083822931796,2.60569343863677,0.7118532157244428,0.5441870632107335,-0.133405506974569,0.311686819182488,0.3090762115540495,0.5401386567702808,0.4547177224647474,-0.6950851449348159,0.03880441426770148,-0.004696117729057481,0.9259303987757446,-0.6251024597782395,1.1527869986916728,1.593580817594214
4.6,0.2916358808602119,2.49479198056681,0.6903585513883058,0.5616250587251566,-0.11304885747023397,0.2719507268035781,0.28630297041304953,0.5412396005930009,0.3330616270029674,-0.71858354397921,0.10052784601078546,0.04138607577540948,0.8334963807370085,-0.5495225926026375,1.281245601741387,1.603764615491674
4.65,0.32004336976671593,2.43057176268864,0.5946125606108438,0.6198868679123375,-0.102133378618815,0.22264752785536812,0.2577314303907594,0.5360150948314009,0.24517412546690143,-0.7565131793700509,0.13021331003305048,0.1274596251357255,0.7457571398393654,-0.4955187999938805,1.3287432567125608,1.599075562375624
4.7,0.28433560113152395,2.3808584756768663,0.4955498937400008,0.6803443246484405,-0.09638363413602502,0.1587033876135131,0.21251878040962957,0.561395146144521,0.2119121851115554,-0.7684722846200549,0.2213387073126885,0.18107689347956352,0.7087919557903425,-0.48296736903835247,1.371124314037861,1.6442113162663141
4.75,0.27207997332930695,2.3248510304341483,0.43297056196438377,0.7554811888641405,-0.05215806191292294,0.06434859554488903,0.11791392471831952,0.572370269091401,0.1965615417317944,-0.7978772684695019,0.2555008843830185,0.1896796873492485,0.6937093001897485,-0.49134048606254344,1.352576253095023,1.702005514133074
4.8,0.28807863118382193,2.244163276812806,0.42410417404240885,0.8392105023529804,-0.03381414476528499,-0.041972755162248965,0.010349024132647489,0.595280529258851,0.20640083658763841,-0.8092848922890219,0.2747988930260255,0.1822760341633955,0.6903476986936186,-0.5015164759596025,1.296367522901305,1.721808226070314
4.85,0.34735149406690996,2.1170353088300082,0.45924057598004275,0.9333993895832106,-0.07235534580696001,-0.13322570216908491,-0.0496611042988635,0.6312677039120209,0.18449735393717048,-0.795153881714218,0.29584629219664643,0.25452729234484145,0.6808304796601015,-0.5015964779805124,1.2013014936375628,1.6849824405453542
4.9,0.38806327002161695,1.9909216531959952,0.5254857997400738,0.9945436858791304,-0.09953815481750095,-0.148080231797881,-0.06776539133862847,0.6808378623127409,0.1882076983754415,-0.7730038194510409,0.31562443091190945,0.3418273851819165,0.6381670882204575,-0.45835572006856645,1.115606183540465,1.632887760070814
4.95,0.43138727480664296,1.8955901449856871,0.5641189697156108,1.0199577735244003,-0.10754857032139298,-0.14966407736535292,-0.10017089967062953,0.691529487408501,0.22808550072281641,-0.709290621200243,0.37679445695414243,0.43955541126184755,0.5983549173512345,-0.3749218266189552,1.008924812831789,1.581407049627554
