,"0.0, 20.0","2.0, 46.0","3.0, 4.0","3.0, 11.0","3.0, 25.0","3.0, 49.0","3.0, 55.0","4.0, 41.0","5.0, 0.0","5.0, 16.0","5.0, 34.0"
-5.0,-0.7084918097758051,1.0377087761383295,-0.06464710670146001,-3.5504564687633646,-0.5108604104624699,3.10092688615455,1.0277753605564994,-2.992388969021862,1.972358853398435,-0.7811204552075104,-0.8245757217664675
-4.95,-0.4930806928247651,1.1621012649684896,0.0010958195730701448,-3.3530533503080844,-0.45805846039688003,3.104131977048683,0.8378632921548794,-2.425723500609684,2.2481822192890952,-0.64099120129812,-0.7773715251993507
-4.9,-0.226833306725285,1.2780333449130192,0.057270981852400205,-3.1491394140725144,-0.3362274297644201,2.991594117740227,0.7111656995628595,-1.8056786313925253,2.4766873885070853,-0.5666048242874102,-0.7395057355843162
-4.85,-0.06528298107863506,1.3666247461485295,0.061983351433090306,-2.8574997407042346,-0.22440912496864973,2.8688633784821675,0.5798545093145395,-1.1362773815081253,2.691279967386235,-0.48582693353060025,-0.6216039772529135
-4.8,0.001786295131604998,1.3917731272866294,0.032260497433409974,-2.5519072434848042,-0.14708408595494005,2.722996292103056,0.5490039712060995,-0.670979183441315,2.895634258278525,-0.3417930483631104,-0.48969912694984646
-4.75,-0.025158651742735127,1.3519551923671793,-0.04177095127511965,-2.1270449627447943,-0.11948230585122976,2.693500626887615,0.5126656762285995,-0.23800325639518505,3.1154948273757554,-0.18231196730009014,-0.23029472748821844
-4.7,-0.0943379358756351,1.2130707945936194,-0.06516057090200977,-1.7434452556422646,-0.13973104433212002,2.660730325505977,0.4724968703727894,0.17681682192825487,3.230649806862525,0.021750930231549948,-0.14251626458626043
-4.65,-0.11902397240809504,1.1013705736733392,-0.04787395419992002,-1.3615030906289145,-0.09852217249415984,2.512418769711077,0.45030603473480957,0.5262905373864046,3.2325311141096753,0.2016992313876398,-0.09957747840118747
-4.6,-0.0918263018123151,1.0441677427428395,-0.020029825406209234,-1.0517056297336445,-0.05623174519344998,2.341087237496985,0.39705307538849954,0.715085852490625,3.1770729282060355,0.2946750348079501,-0.08916164092502443
-4.55,-0.07113656559918513,1.0086927559425196,-0.0010958195730692566,-0.8472386045844043,0.10018840180494015,2.144408301999106,0.33145111435702956,0.9125130608526146,3.0493934294624854,0.34832720721890986,-0.06683110992618047
-4.5,-0.06275110832386499,0.9001291495737895,-0.0501371321354096,-0.5881088063361943,0.22480086692260004,1.9042569811718009,0.37164562352224983,0.9683381870941448,2.7719548162983854,0.3972496605337694,-0.02049046478609451
-4.45,-0.13145590159536513,0.6620755663040194,-0.1765741483625698,-0.3027454085338741,0.32843134391770024,1.695550529817875,0.3901978894241096,0.944359487012365,2.528762876813235,0.48255938062288006,0.07686376175928955
-4.4,-0.16997038954052512,0.34386398911313965,-0.2563154043949396,-0.08906935530582416,0.38948452132893996,1.542480049519695,0.43157072051128953,0.8881077648018647,2.2507850192285153,0.6356974066737093,0.12637434122687352
-4.35,-0.159485155589985,0.06407750745626917,-0.33709399676810925,0.10994808871404516,0.4382044478426299,1.402128698198985,0.3845055318252695,0.7462032127909346,1.8932363670539651,0.8912298555001499,0.08739864294710553
-4.3,-0.07598776515719496,-0.26264004187379086,-0.4044136380130299,0.2637242695487352,0.4980651557719602,1.209087553828585,0.2860741046606097,0.5464727381827448,1.5701447816236047,1.06822358310784,0.022798779318199514
-4.25,-0.02208509978962514,-0.5298645752932307,-0.4414023115868497,0.33968604044917594,0.5920553534804402,0.931655172369175,0.15924509865130965,0.29457296162705493,1.298152923092615,1.1979974959734596,-0.03208551844332541
-4.2,-0.01953929736704496,-0.7404710556494303,-0.5150894991369199,0.44638508654589515,0.6443701869543002,0.733898591976335,0.06674197226353984,-0.041330187630655324,1.035147676935155,1.2111358472774398,-0.010068847208954512
-4.15,-0.10856702928544504,-0.9699970289337703,-0.5833338994671093,0.5897150425792255,0.6961758125440101,0.5561401041321452,-0.06674197226354028,-0.4070266293050553,0.8414622152907347,1.3117571989740195,0.010068847208954512
-4.1,-0.14222481334822512,-1.1064446235731502,-0.65136612346463,0.7258100257093654,0.7716174750321001,0.39918262336269494,-0.19879211637591032,-0.7804955226617354,0.6412554734806648,1.4025138150675902,-0.0458292624904455
-4.05,-0.1598954675713451,-1.2132269469129708,-0.645931240686,0.8452320336311159,0.8712511649452301,0.24323729927691495,-0.3947943254946704,-1.0856372353719652,0.433140773319205,1.4923377250694898,-0.1615121241734755
-4.0,-0.09530137557735507,-1.2463380555769206,-0.5660271201793092,0.9168700248967756,1.0361542210076802,-0.02109621575808518,-0.6335608611994703,-1.3431514439094852,0.21796825115052498,1.5436258988330902,-0.3966362370843355
-3.95,-0.007592573971755057,-1.2054824113383305,-0.5261720384398698,1.0139729558661852,1.24873331546162,-0.2717208749169049,-0.8888880414037503,-1.5324419679584451,0.065060520798635,1.4993513595682195,-0.5320024614887835
-3.9,-0.001786295131604998,-1.1418120928047406,-0.5279855147967298,1.0578258996514256,1.39716600393883,-0.4654957697995852,-1.1869134313879113,-1.6576459233646752,-0.06319780276282505,1.4304088519439002,-0.5791698913204055
-3.85,-0.023282436263605044,-1.0849097458537607,-0.5479802845972293,1.0626088104271956,1.57151828012425,-0.6229075995137352,-1.4153457785910755,-1.6563035971478752,-0.11677632236624502,1.4048189288862796,-0.5341663438192075
-3.8,-0.04026359782990507,-1.0461417003488505,-0.5903515496611194,1.1317535747987355,1.6536779793211331,-0.7545226310212749,-1.6048175615483284,-1.6412443801268253,-0.09015431597617507,1.3727312096424695,-0.47757838705284544
-3.75,-0.07645181049390515,-0.9455618228797906,-0.5844248805258898,1.122058984751666,1.702163033129173,-0.862622970793375,-1.7871869016665494,-1.562412356583475,0.03535835236074503,1.3557377089953695,-0.48136328948473645
-3.7,-0.03778651825837498,-0.7862297826024509,-0.5131295938340994,1.0755173700816458,1.726369127897685,-0.9591551345002749,-1.8972460071882484,-1.429669879589215,0.09078779562874484,1.2995579734239495,-0.5640670391999495
-3.65,0.01850619706057488,-0.5682745144229804,-0.50137066391716,1.0842135432391453,1.795235460407335,-1.0800517707457051,-2.0278331796001074,-1.2254134218922652,0.19364693755541484,1.1445301013171196,-0.6228491943888405
-3.6,0.03993586946765504,-0.3753888109404002,-0.45624833142956955,1.0586091535158753,1.853762998765387,-1.265406558452245,-2.1047664326796447,-0.9581008851654351,0.2628987179066049,0.8724029203080601,-0.6153633956882985
-3.55,-0.009723102763625091,-0.12577266432085032,-0.41292406717744967,1.086297929296296,1.8570601029297131,-1.4185086270203247,-2.13191918542543,-0.6363824839198351,0.264559184686735,0.5790195433257699,-0.5459368931865235
-3.5,-0.07552730408920505,0.08062481400482913,-0.41244136539905973,1.1802511102572355,1.763029054459257,-1.4106574357169253,-2.1723549959884614,-0.3233907389810553,0.20076250156152486,0.33367627261316013,-0.42677205525414347
-3.45,-0.11819098418431517,0.1379802284450493,-0.35637466872193,1.1913040642142052,1.647542024577211,-1.3863933648960547,-2.228493831795231,0.0055629847834146595,0.15751423834467482,0.1932067670212798,-0.36939139960816547
-3.4,-0.026759075938635135,0.2601434397435094,-0.26784810154217986,1.1593280116652958,1.48580386636357,-1.3148202030547251,-2.2570058791969725,0.33046320111526484,0.05346242265163492,0.05470654990721968,-0.3007472483391115
-3.35,0.04790224755735495,0.30806910858685965,-0.08992083838098974,1.0765469498680753,1.25361680472492,-1.2416427450189849,-2.2824297810688634,0.6411219238509247,-0.03535835236074503,-0.13996114407929028,-0.1330243879759394
-3.3,0.17565744985424492,0.35686944169098966,0.06322116782546061,0.9393341476281858,1.01684889712797,-1.165515623034965,-2.2761053457306084,0.9979732259778444,-0.157624972070755,-0.3661659604017502,0.07554691468720653
-3.25,0.22102598998785394,0.3531476195655796,0.11693298760369064,0.7731228304806157,0.7584399028303102,-1.027839386146145,-2.2523924951583685,1.2902157881717544,-0.26227073776272514,-0.5587435668287801,0.34591660352652365
-3.2,0.21595153189288596,0.2564093615579095,0.21923734176287013,0.5999469392564052,0.4835022577372299,-0.9179361207077852,-2.1817389966350893,1.5295868761918952,-0.37587990451836517,-0.6507989097424804,0.6292884262264836
-3.15,0.301639048661993,0.12920359607228926,0.3375539454661407,0.5100522100242557,0.28394161063768,-0.8321633678010052,-2.0228677346820065,1.6761632623995748,-0.4670032946003151,-0.7079393345563703,0.8323698922958936
-3.1,0.38430632570617296,0.008873256431699339,0.4849892907527802,0.5027974049001056,0.05623174519344998,-0.7428736462059651,-1.8686290266895693,1.7554469479237547,-0.6018510430205761,-0.7750364398549303,0.9272050542609834
-3.05,0.48425337146995495,-0.1232303318962309,0.6306378660664604,0.41137347269783575,-0.10090011400103993,-0.7001137802018649,-1.6917075013027953,1.8465127179425247,-0.739105779111984,-0.78004356265517,0.9737605551454135
-3.0,0.6016469648689259,-0.2543180421621605,0.8161604355559104,0.3366490672153155,-0.27060885744166985,-0.6366583695495049,-1.5122062835347294,1.9312125733868646,-0.9247655631643271,-0.8387688255041703,1.0925333518791334
-2.95,0.6639749619622579,-0.34473742964986087,0.9628752478164104,0.21745825351038572,-0.4312238419181198,-0.5756634271258849,-1.3840966231195075,1.944522325113855,-1.035690009676637,-0.8902178967432302,1.2953082112410934
-2.9,0.6872659104607419,-0.4730947795503502,1.0742300445698905,0.08166884640456562,-0.6192165801450598,-0.5170597639895549,-1.1880837218633262,1.9109997197039048,-1.1575363548579851,-0.8572374900751001,1.5082341733627533
-2.85,0.734769445833998,-0.5788024654693302,1.1438058123372903,-0.08166884640456473,-0.77689719109221,-0.3874242105454351,-0.9406201283138804,1.7991324806997344,-1.235328496248869,-0.76354580716092,1.7091151220290932
-2.8,0.8022889647648319,-0.7302611442826104,1.2201063661145604,-0.3063065231606643,-0.87061124471732,-0.25555638401891523,-0.6764631475243403,1.6607909358177046,-1.27176586170923,-0.61106380865326,1.8463344907182533
-2.75,0.9192894885619799,-0.8170367191954409,1.3263461817723003,-0.6040453656272744,-0.8874631454161501,-0.2172428936386548,-0.3572942161914403,1.4877137922869448,-1.260589570387596,-0.4461638173075704,1.8541530586360735
-2.7,1.0214716573640028,-0.7377488776795609,1.3680831482376803,-0.9222091710816542,-0.8768352420084797,-0.18947814921000505,-0.10002810477204038,1.3197756366157547,-1.221953850215987,-0.32684981555696035,1.8890577788493532
-2.65,1.042789407508942,-0.6904818233440304,1.3589755899798406,-1.2897489577102346,-0.8804864660873801,-0.19676550736864495,0.14412993001099972,1.1475934789840645,-1.186026095520675,-0.26804495760487024,1.9065097709709335
-2.6,1.045974584895041,-0.619900591032911,1.2204661611163106,-1.6265804432003144,-0.8305643670318901,-0.16072543741553513,0.4898223162365696,0.9506310130322051,-1.192273383159786,-0.1787907045645003,1.8258004643208534
-2.55,0.9852455487835869,-0.5540126597111206,1.0388365424429904,-1.9522513819360046,-0.8020091194012999,-0.08167482771189505,0.8029769245485094,0.659014654565715,-1.1706101643784872,-0.09174861228208009,1.7513984063579535
-2.5,0.974942768363142,-0.46578686459714014,0.9794371410495906,-2.2700975669461445,-0.7704857782064001,0.02109621575808518,1.2023607922654898,0.3526555720421549,-1.15236564984146,-0.01749502921743007,1.6461382073404134
-2.45,1.0158317095627618,-0.24700974244419083,0.9043505600740205,-2.6882190622283444,-0.7582030958798898,0.18367477448456482,1.5416695455158096,-0.005562984783415104,-1.1796607121853762,0.01749614425451984,1.4426158824637634
-2.4,1.033779491265983,-0.008873256431700227,0.8870531364549206,-3.186583540661294,-0.7847277274354698,0.35928350003627507,1.7797092825142098,-0.242276716513945,-1.2045059468908281,0.026101350481189556,1.2840351077708134
-2.35,1.05478482589747,0.2403948569093295,0.8839812321860103,-3.7135886276821926,-0.7867300513359599,0.467660337724245,1.94845539076697,-0.42265044938146534,-1.248687951792448,0.017495029217429625,1.1431276162251534
-2.3,1.026906549285918,0.5247922734546795,0.8565217187683603,-4.151474885490598,-0.8240111263765,0.5762362830214451,2.0528111679743093,-0.6522017486380451,-1.344125420816808,-0.08432574222687039,1.0460017283389633
-2.25,0.963682010647716,0.7428949038186894,0.7859984281108505,-4.592629751828624,-0.84197929173861,0.6976002038281051,2.0933787188040993,-0.8822339200951252,-1.4155773876643705,-0.12392469236359016,0.8835597039835036
-2.2,0.9486208893815249,0.9251888424558596,0.7101555461059603,-4.948802936930981,-0.8721183648532,0.8509279589214449,2.1137606181549398,-1.0955780950645353,-1.4938439033236321,-0.14620142826825022,0.6454180146829135
-2.15,0.951881785378913,1.1402488323726794,0.7739897623268504,-5.348891147798208,-0.9049237827877699,1.044613003026825,2.0512250534127094,-1.3419050480498853,-1.588726425160255,-0.23354776825991008,0.3962707323233635
-2.1,0.9760968787900379,1.3271052493240596,0.8960490309287903,-5.722861737236714,-0.9019101428737901,1.242486929014385,1.9179298356364596,-1.5308509755189852,-1.67340351238109,-0.3031562307779003,0.12910529562488748
-2.05,1.032687240546401,1.5194921735147493,0.9890979597218905,-6.084225199329374,-0.8856802568816398,1.450542936917965,1.7058735806663297,-1.7138136338183652,-1.75089218388306,-0.42319366531807034,-0.12910580673362548
-2.0,1.069040552740961,1.6101283028975795,1.0909617915963503,-6.406228110511094,-0.8545615918560201,1.710039789163115,1.4376312662796895,-1.7979774690294252,-1.852552334242375,-0.6548979644051101,-0.26142188454668347
-1.95,1.1410516532522694,1.6382814804173993,1.1974207491228404,-6.6968760632343445,-0.81970763759626,1.917855183835504,1.2338734070874797,-1.915130416344775,-1.989658974793226,-0.86022781159518,-0.39764073443392145
-1.9,1.2425686481788514,1.6999035342084197,1.2856192249779803,-6.8845803153735945,-0.7300110426092701,2.1727980911075377,1.0767375535435497,-2.047959417533245,-2.0138122915466923,-0.9990938789908403,-0.47175352998042047
-1.85,1.368446310491051,1.7141538205221596,1.4765558333314206,-7.113097075505134,-0.6546253833262301,2.375465850023629,0.7902052550023497,-2.101114293441844,-1.983195854654012,-1.0623101087065203,-0.49554094838571344
-1.8,1.492575946848369,1.7528551456994492,1.7804636233786204,-7.2989607225101745,-0.5413735490614999,2.553179467244528,0.5383835059205198,-2.0769920838431775,-1.955040316844908,-1.10247004178539,-0.49457316702794146
-1.75,1.61737852336262,1.7783358480164493,2.0129196740809503,-7.509549108441044,-0.4479038370003101,2.708761065197022,0.15868427805286967,-1.9499177526168352,-2.0246371374000613,-1.19802057485348,-0.40065994133609045
-1.7,1.740893109492426,1.7394837847638294,2.2216267670590404,-7.607564423692534,-0.35082046047589,2.7771573166779304,-0.17934599964858045,-1.7326843168827653,-2.0682397976610734,-1.3282982215895003,-0.1610946131969705
-1.65,1.855116306187091,1.7035682753265293,2.3146349696120203,-7.628847598269674,-0.1891629704767097,2.7904528193439626,-0.3999123396630504,-1.6340187207759853,-2.173618305345082,-1.42621919988833,0.12601840934552055
-1.6,1.955503771781176,1.6576068754076396,2.3535012328487905,-7.633459485604154,-0.09235478458368984,2.899574432783713,-0.5606533711467905,-1.5446523097281752,-2.244689779417906,-1.4979799456131202,0.5074945286931035
-1.55,2.1137703796536567,1.5444344676948094,2.4477825064017606,-7.609586547427305,-0.00988210285346991,3.083515126281207,-0.6701052953790303,-1.485746742864965,-2.279557327685294,-1.4652516053269604,0.8628133759424835
-1.5,2.363305015179165,1.4842507986957694,2.60529764644105,-7.522212784443615,0.11381875640988026,3.211806503669263,-0.7746127198777604,-1.4064950844826152,-2.312054424747536,-1.4114013020678202,1.2622314827903334
-1.45,2.566577435876015,1.4152890223487495,2.8392571692391506,-7.442434190762665,0.3349352738076701,3.288098152626307,-0.8282881861885203,-1.2841894038833752,-2.380651936472386,-1.35244082114164,1.6969623490059136
-1.4,2.7728465704720247,1.3484674670944994,2.9386549424650505,-7.3222186127752344,0.63305799295415,3.266943094693368,-0.8512958913914903,-1.1461230026997953,-2.453786201704896,-1.3038246980787003,2.1624250637515634
-1.35,2.9051992226259946,1.3022428109169693,2.9493931886398803,-7.197159939683244,0.8553810298942002,3.239574356760904,-0.8607213147490704,-1.0010607107538152,-2.531420424899145,-1.3218127888576703,2.6785948273897433
-1.3,2.9879562362531047,1.2489998228018893,3.0106457389170704,-7.0259601403472045,1.01758970960595,3.226401093079926,-0.7747945934833205,-0.8583983771731853,-2.579756994381055,-1.2674958066199102,3.258253795738013
-1.25,3.032775358513975,1.2867224695011896,3.0542129965950005,-6.809204245785864,1.1365175607956501,3.1980217065742,-0.6834817751115203,-0.8218761281276854,-2.592476423814605,-1.1294575365808703,3.7752143523230934
-1.2,2.992556553408515,1.2777175672845096,3.1515072673290203,-6.511490769198945,1.25286843108558,3.261425415313716,-0.6054893980360303,-0.744986152034055,-2.5971173119386153,-1.0040049468044003,4.264759630359554
-1.15,2.912264670870235,1.2093625379511095,3.3092064685991707,-6.314712741801604,1.3806644204287002,3.272225943430985,-0.6398423634218704,-0.6639974640721453,-2.751109700394645,-0.9482486635920804,4.670956022148563
-1.1,2.808881668508535,1.2180194247601595,3.4097940035896905,-6.0059559422748245,1.52022164041743,3.302475176293495,-0.6467090929055404,-0.6645752237147753,-2.935370773485155,-1.0432678794651404,5.089449141766574
-1.05,2.734589270775885,1.2130599532257493,3.3725127176519223,-5.659999693471194,1.6191122979955201,3.3268277881966197,-0.6814250163385405,-0.7125444341632852,-3.056937538162905,-1.2190641303577103,5.431017655761173
-1.0,2.589475722081845,1.2159625201867694,3.3308386982103904,-5.202528891369563,1.733692395450817,3.328878832955653,-0.6498731021818103,-0.8786886259658151,-2.998685273396615,-1.30187077308759,5.670169277025604
-0.95,2.4387563027928447,1.2330054075135095,3.2716080785908304,-4.716579978033155,1.856510995242576,3.453410394258488,-0.6248964283716605,-1.1556118627843353,-2.883375882354595,-1.3003644041113502,5.7787295136326335
-0.9,2.2485324225462247,1.2037232735364394,3.2318704609324005,-4.279852418396721,1.84372527929919,3.702226138761228,-0.7072748115713003,-1.3446328073080251,-2.703715106820295,-1.31660190184426,5.801053820762943
-0.85,2.09741937332592,1.1874628581825495,3.23120540880178,-3.873931146737889,1.923117500985926,3.896190537215825,-0.8294986602959804,-1.5848710165682451,-2.563574860405705,-1.33868338417142,5.726474485647573
-0.8,1.918499522511968,1.2465608169213396,3.2288916363385205,-3.526464940484934,2.021327059283083,4.052196187769125,-1.0313084926805505,-1.7592221749814552,-2.443112250801847,-1.4179558494114204,5.666798483338144
-0.75,1.660196786711661,1.3125603666022996,3.1709181820306105,-3.258004483842324,2.057941580828738,4.239711105644615,-1.1810019776423992,-1.9676114301237553,-2.272958066214694,-1.5221026688351902,5.607861102208903
-0.7,1.46109629274752,1.3816160672964592,2.9964584703548507,-2.9821796972641943,1.988211631635219,4.4474880013391545,-1.3205037526565393,-2.225558844866191,-2.052559836807694,-1.6300584366273503,5.559126137599513
-0.65,1.2389959235223356,1.4016833603529193,2.8780744905582805,-2.6941629700498644,1.7800660299392401,4.734240195015815,-1.4304263738069984,-2.427276706132884,-1.7966767340566892,-1.6602990513529003,5.491920789034284
-0.6,1.0565944843844008,1.3615950385569593,2.88482240138467,-2.4001607790437243,1.5806387298012001,5.003079788887765,-1.5578421820878052,-2.6143671044015653,-1.5126607594966466,-1.6296194428099704,5.312038108700354
-0.55,0.9214216035740309,1.3112749460960593,2.8716216707904905,-2.1204845799979846,1.45300201100989,5.264573268018355,-1.7570535029183825,-2.779806678751199,-1.2671007675034351,-1.6889903062802203,5.048041116171864
-0.5,0.84782585729747,1.2077543793272696,2.8828521282618405,-1.9252664376099546,1.38572225315939,5.517897450118415,-1.9664661354654493,-2.839522321642427,-1.037583255918383,-1.7174846937651802,4.770994535267174
-0.45,0.8371449269522949,1.1559851401913694,2.9025785831631703,-1.8311558038831546,1.3185548258861501,5.666974772219135,-2.2125386068111403,-2.8741220327685153,-0.8106641152255241,-1.7001664882197702,4.501431950318324
-0.4,0.851111035404021,1.1777869257690194,2.8952830762425203,-1.6457188574067443,1.2075319930235602,5.891325538406435,-2.3376209035384594,-2.8928396730071264,-0.49044867887200705,-1.6597770504307703,4.265004805274564
-0.35,0.861436760080756,1.1180908151136393,2.94887762480913,-1.5741590416791946,1.07226754149083,6.124761080416625,-2.3606442626925164,-2.8103598687691673,-0.12422704071704516,-1.4734540313655704,3.9799343206840634
-0.3,0.892092773695002,1.0512245248623993,3.0693875993287203,-1.5631844099002743,0.9619074953965201,6.346194152407225,-2.3425086446209074,-2.655828714854488,0.17251318039849495,-1.1394109450607601,3.661121825504713
-0.25,0.9803297105365019,1.0071148546324595,3.2521635187441706,-1.6236034786261544,0.8493871746807702,6.538267288134374,-2.2951962410657543,-2.388963842428713,0.32284022366697496,-0.8562429165063001,3.2705615395376135
-0.2,1.076821064807432,0.9312985015778392,3.5157141693856953,-1.7841880978172142,0.7790127477770901,6.642640488939045,-2.2153532095022603,-1.9656585363689851,0.468086569202105,-0.6354079830756802,2.8970910318103935
-0.15,1.18960345376266,0.9468840547323096,3.8454533222672955,-1.9078423729069245,0.848203324445,6.683293273372245,-2.0356082931014106,-1.5291574080411052,0.6006166152962849,-0.42714620978297013,2.5706609073904634
-0.1,1.2560694945767719,0.9887091109295296,4.192821650151934,-2.0212603809935343,0.87149276206902,6.757268446409035,-1.8130810817278444,-1.0248516605360751,0.805042657752465,-0.21824433393122034,2.2926490707663536
-0.05,1.3206002703959339,1.0111493368764495,4.505386082871456,-2.0911740091151745,0.85181970550951,6.832866336114015,-1.4862162279897593,-0.5238976729478653,1.0360643272091747,0.021891151125889685,2.0686305952405433
-0.0,1.414582737510767,1.0474572379163996,4.772847752292052,-2.0834268966571843,0.8489630302678302,6.963625333282395,-1.1634239656122893,0.026636748134314825,1.192606157595985,0.2808954740578695,1.8554312625564036
0.05,1.426937000276048,1.0845631074111695,5.150787898887597,-2.0834715490936646,0.82535665217438,7.148370288990255,-0.8469743406283603,0.6794168876938449,1.3009467683167648,0.5452230122990196,1.6405125706311536
0.1,1.471668373707922,1.1708009830730495,5.54651240043834,-2.0897481621652645,0.87837187313866,7.323624597480015,-0.5531890291236503,1.3343388901037647,1.3909341406437148,0.79565723085513,1.4591153781200634
0.15,1.5209503471376729,1.3692195691709093,5.80078223480987,-2.1068071803339143,0.9970406138619401,7.504508017595015,-0.18619997514133035,1.9980026234300645,1.4069963734160151,1.02757389206044,1.4784343794435335
0.2,1.5194689151609668,1.6279242359540294,6.06404674445229,-2.1589503476654044,1.00142461307097,7.608452697421995,0.22009037184564972,2.6255553997861147,1.4428178513753147,1.41318492390445,1.6229564486346932
0.25,1.5253626489689949,1.8784410015799096,6.3135289804245405,-2.1494483443991546,0.9242218195983201,7.696886607347855,0.7162106685672298,3.0928265220573845,1.441372819857045,1.77291306049388,1.8745375158270834
0.3,1.500558406604553,2.1050579634244992,6.49738926491646,-2.1156386684696242,0.8067203040081401,7.809627292567505,1.3044991686436598,3.4948820208816844,1.414463169304845,2.10575825091575,2.2530426917018436
0.35,1.464057976078139,2.2918824566960394,6.69537126035636,-2.1719008532367643,0.7115150705239202,7.823581933331245,1.8570043407228898,3.892587606219685,1.374031699193355,2.5299260142146895,2.6566673357584834
0.4,1.426885728802699,2.601770287295169,6.81107932222438,-2.1936329602945643,0.66196133513752,7.797738884335795,2.3291148340238097,4.160922136801885,1.2525348728330548,2.94296333787438,3.1410224850949335
0.45,1.3852017256253588,2.9281081273883096,6.88511944231583,-2.2583980595979143,0.665632542088,7.724501578618115,2.7499011236552295,4.348827072974675,1.188400008318175,3.2617255153028397,3.769840932542113
0.5,1.373435269244715,3.2605710118409283,6.840879399070641,-2.3879100173891645,0.67281615688188,7.711233037725405,3.1038685459415296,4.481781658520755,1.192376691672665,3.62399275949019,4.569630293473414
0.55,1.3060110116579389,3.6700502408906073,6.709311840825411,-2.4918770074928744,0.6078818857834403,7.714318663926645,3.33625028783778,4.500204987668175,1.1794383016079248,4.0505727595403,5.4501866854454235
0.6,1.269326803439897,4.015572659705083,6.565581903320501,-2.6360057026909143,0.4504522587697801,7.685381540894945,3.5041889543277795,4.454873198038725,1.1990654728844048,4.564352679351339,6.3226894974584535
0.65,1.2728259600024698,4.332870913368394,6.4055481980418,-2.7858994145180347,0.28922943038259996,7.626236238204865,3.6427808918162894,4.324932736164265,1.210135913104615,5.083634403619639,7.187569934224033
0.7,1.263359211481475,4.668848117323228,6.2649736514580106,-2.9977840394442943,0.17350211941776017,7.545124792212605,3.67634353823195,4.198368023690665,1.200038109926415,5.57556704612708,7.950042644757033
0.75,1.2415441217818028,4.9897087615215305,6.21181981216851,-3.3128495768216344,0.07946570138463027,7.321128823162545,3.64329017242763,4.040839813332115,1.213441800496715,6.039243727461569,8.616604216976453
0.8,1.2699456216427478,5.34360109962992,6.07293899878855,-3.6793268565790425,0.07058141657368022,7.025194042106355,3.5580028225520994,3.8374673580911445,1.227735724113095,6.502203875394999,9.283390497665524
0.85,1.2560979253822053,5.6918049720880495,5.89540881662446,-4.084906166025266,0.03622304789816022,6.683353906906625,3.5041796767349496,3.586761144799235,1.244570320611995,6.936906206302799,9.838343935725023
0.9,1.2150536452433758,5.963014494076269,5.83682948452925,-4.430614254734815,-0.06314586652748977,6.371992295363225,3.383388910799219,3.260644640466415,1.3515158878199849,7.3994021075787,10.177657377448423
0.95,1.2034215969462791,6.169952597734909,5.72971707887494,-4.740482239219507,-0.09185154050084998,6.132486223619935,3.20314333888272,2.9562657028526944,1.427886081890825,7.720599708627299,10.364607530847723
1.0,1.164928980014236,6.4381949552744295,5.609363220787671,-5.079555198330333,-0.045075043954589944,5.922513042094365,2.9104706905222795,2.7913654567874344,1.5780472726026649,7.973872772160499,10.396122861733524
1.05,1.1508078397259511,6.683105013378279,5.5215362486836606,-5.398252002719249,0.055136321647410114,5.732600973692745,2.50004132800379,2.677128142999565,1.752724984254215,8.1749320581602,10.239459848569323
1.1,1.176781756717472,6.912539388407479,5.395965674814961,-5.619378480526624,0.13004318029837014,5.605903381100725,2.0257310041732293,2.6133374564006244,1.9130891938174648,8.1929231210448,10.055171918753324
1.15,1.2207156266056662,7.045269499979499,5.290506491383423,-5.869342325745064,0.15795763054068024,5.474592190852405,1.4840689510834895,2.6402830382198346,2.178036803350505,8.1237673660589,9.788459449852523
1.2,1.2509462175153112,7.1595431331508,5.235677047248544,-6.035725622613374,0.07048247752019998,5.443741652743965,0.9748314680770696,2.6524598374026844,2.3894147214813053,8.0488022911783,9.389973554999823
1.25,1.1846881635496305,7.20198455640076,5.272636768147855,-6.0380609578534346,-0.04127175866178012,5.407403357766465,0.4690690502598098,2.668959451243505,2.6142740283337753,7.9090383708483,8.906805069049213
1.3,1.1674130388401853,7.1443694956240895,5.308230271280134,-6.009925796771174,-0.08867777978522007,5.367234551910655,0.07563328337747954,2.6917953649137445,2.8496235264200553,7.6261744828861,8.272862188345714
1.35,1.1652352525910037,7.0635714920087596,5.322709476612292,-5.969370438125754,-0.09181415287687011,5.345043716272675,-0.31451122271317034,2.774292834380385,3.0438555321897853,7.197808634786499,7.593571072070093
1.4,1.1139682040024619,6.8926215601078695,5.272940805715116,-5.9137671841292345,-0.06893021327783,5.291790756926365,-0.7304057768119303,2.935025209361095,3.206296686316205,6.7282284935412005,6.879188498879573
1.45,1.0514560918625688,6.61311881281382,5.23124488769162,-5.817430503575524,-0.05110437436847004,5.226188795894895,-1.0421259189994403,3.096703508682765,3.350396371900885,6.2305896999520005,6.226728826410564
1.5,0.9637681351737899,6.253634219513499,5.077029696568966,-5.643335252715055,0.01815719569769003,5.266383305060115,-1.2678804430272184,3.244273986951735,3.5400035654692354,5.653768737568269,5.716771142050433
1.55,0.851687532820028,5.796452607219489,4.984110690127762,-5.386289652587572,0.046259304163210224,5.284935570961975,-1.4066022813871615,3.332397898903385,3.7617875172837554,5.070167302419689,5.191613358253384
1.6,0.791404613783441,5.297006853058289,4.91638654566798,-5.06357199481958,0.16157558553868023,5.326308402049155,-1.6021560077936723,3.4292809740825447,4.000654342322846,4.4938014980873096,4.696306968665963
1.65,0.780734280260504,4.787121451534437,4.862714329045676,-4.797771892197167,0.36606213663477005,5.279243213363134,-1.7628038595302413,3.619914257105095,4.141782614736005,3.858990169786,4.2686552187711335
1.7,0.7699066652888089,4.317063592348107,4.894292259754534,-4.559145307570322,0.5983198548047199,5.1808117861984755,-1.8628344416809344,3.8323170302275047,4.326963455956475,3.2608505132495393,3.8818175864385234
1.75,0.726129198604091,3.8086091743700337,4.925840634376378,-4.30752197265516,0.82365233732052,5.053982780189175,-1.8550979940613754,4.001221591818474,4.467702526580685,2.7653379727428495,3.6042010033176837
1.8,0.63795411696926,3.3817357397326235,4.937747211500858,-4.013357258687549,1.0873916859074702,4.961479653801405,-1.7625099093164254,4.167401529057625,4.649214755409185,2.31814237903665,3.4202398310385833
1.85,0.48877802917134094,2.9632381470484894,5.015222372824644,-3.7431697411536575,1.41573657644194,4.827995709274325,-1.5894907422322173,4.2045339624171545,4.812872420226755,2.0468348599813195,3.245979671472643
1.9,0.31830573194435097,2.555197805630759,5.143864413230924,-3.390088208448544,1.801610913618644,4.695945565161955,-1.3459274856012202,4.182837169092204,4.905441552118605,1.86880897190452,3.0708773860790433
1.95,0.14137251048703492,2.1359010432445396,5.270827699027238,-3.0716635381773543,2.2996165009726033,4.499943356043195,-1.1746813490432404,4.187113202643895,5.028390449685225,1.7104175394936698,2.9531022343204234
2.0,0.07313246540727492,1.7521320390805792,5.41113543082829,-2.9012816314822745,2.870695256083763,4.261176820338395,-1.0159098682470304,4.1846817255835145,5.082842094950075,1.6318677412672296,2.8710218742270333
2.05,0.011753038628374846,1.3985288522707195,5.608538549283571,-2.7722625697785945,3.437550152240275,4.005849640134115,-0.9023235736481403,4.219589070934555,5.075975366011405,1.6745022876565594,2.919092133884303
2.1,-0.147846978113245,1.1541025562127096,5.81245248551914,-2.6630986983952942,3.99934923115085,3.707824250149954,-0.8046116656455704,4.1673168951042046,5.050192996689395,1.7987440556927794,3.0415017020352733
2.15,-0.2980342833534051,1.0315707292597094,6.10409215888742,-2.5119652196721143,4.57103658758916,3.47939190294679,-0.5934641859541503,4.047180161837215,4.986437431610665,1.96667832815786,3.1874285818721835
2.2,-0.43220408762012497,1.0269020156867192,6.409684656106851,-2.3485432023077744,5.12446043869298,3.289920119989537,-0.4276154195578503,3.905693986576935,4.963543781791815,2.22208421698961,3.356562166463643
2.25,-0.5143030535038051,1.1366544791488695,6.834546936846861,-2.2148532516560646,5.628956734881211,3.107550779871316,-0.3263995451606603,3.784441809911665,4.859529464469065,2.6171377110848795,3.398316494954213
2.3,-0.5632554527299152,1.4031104611612593,7.218146643949391,-2.1456190831272046,6.1713361823869395,2.997491674349617,-0.3047761450979103,3.680457365130735,4.698021320838065,2.9519605811926795,3.4344746687417933
2.35,-0.6235267414507151,1.7710621931917396,7.60008880896274,-2.1618754277336643,6.65948493912081,2.866904501937758,-0.26032640212570035,3.577894288190125,4.475007938261025,3.2460551525192,3.5076333809050535
2.4,-0.706514611565235,2.1870799378552697,7.90988626985801,-2.196996950838084,7.0209072393799605,2.7899712488582207,-0.2478262173996404,3.385930277753885,4.304046595802145,3.52650049924244,3.6104128884707736
2.45,-0.7658169985211152,2.6325695305789596,8.11435329500725,-2.2037447300921746,7.365718521606739,2.7628184961124354,-0.26471252271458034,3.145363137822825,4.145485279900025,3.7843248607874296,3.735367901894043
2.5,-0.790855211976355,3.0549224868423597,8.37348309325546,-2.2027572552463344,7.627816640827101,2.722382685549404,-0.3884636880346104,2.918669500504275,4.012741104674715,4.00941362737598,3.7814249244251936
2.55,-0.7770827421607251,3.4327735795080834,8.65884649105778,-2.3579351569011844,7.81094945010018,2.666243849742634,-0.5393669435423003,2.608562906014975,3.8575605922094853,4.2420051580209694,3.788276609626654
2.6,-0.737658806573275,3.7972509095198834,8.87252254428583,-2.5881056002042144,7.92322810848996,2.637731802340893,-0.7699806383478605,2.377689077324945,3.7406149287618753,4.379632558205699,3.761886413832733
2.65,-0.672976018192905,4.130008417037362,9.0715399883057,-2.8875236341380544,7.96184055010316,2.612307900469002,-1.0224357554500103,2.1632082807801947,3.6299809576122053,4.45774198606737,3.7721338388701637
2.7,-0.603865994871335,4.462878052213234,9.22531616914039,-3.157280280236744,7.901767649731161,2.618632335807257,-1.1793072466166954,1.994757467046755,3.4433697148560354,4.557841908137309,3.7805626871503737
2.75,-0.585854786613925,4.815984308713347,9.30127794004083,-3.3349620727872846,7.74062459464316,2.642345186379497,-1.2775311205992215,1.872089900917425,3.3052723654592455,4.57003889704381,3.7084896641083738
2.8,-0.5974216974901552,5.15623783837051,9.40797698613755,-3.4336321616996646,7.55579664614463,2.712998684902776,-1.3337919863066494,1.705025582741805,3.216155230256085,4.56000504942943,3.568000607828994
2.85,-0.5016683210579052,5.3558697492338,9.55130694217088,-3.435884389787274,7.35230063368048,2.871869946855859,-1.3698350280000233,1.6613929399580547,3.098801056058335,4.57645551554827,3.388959214555533
2.9,-0.333690919517605,5.47044662148015,9.687401925301021,-3.577182990692134,7.117603727577631,3.026108654848296,-1.5865689528475173,1.651115730702175,3.0150067493402455,4.608766221899581,3.1630571372257132
2.95,-0.09973067102788513,5.52860419960075,9.80682393322277,-3.7695744163426514,6.977964693637469,3.20303018023507,-1.8236577915455063,1.6680979490257952,2.863268276377405,4.58089819334378,2.8514972531592933
3.0,0.13451400022394489,5.50454918790173,9.87846192448843,-3.9639186276377885,6.83605646239838,3.382531398003136,-2.004627891486601,1.6698788829060751,2.7359323463735947,4.44020188668434,2.6230150474715135
3.05,0.31364120997480893,5.302664515102229,9.97556485545784,-4.1805307892855765,6.61236615359994,3.510641058418358,-2.1629264999983495,1.7139618277872444,2.648528392317595,4.375952586335529,2.4228660501396835
3.1,0.47464249484019694,4.98506582505418,10.01941779924308,-4.3131218259737665,6.35922912232485,3.706653959674539,-2.280916709549101,1.7437694717803147,2.5798424441757355,4.3082911531978105,2.2390237418429932
3.15,0.6429764944808889,4.594015372832841,10.02420071001885,-4.369916961188076,6.17621515919875,3.954117553223985,-2.3764424690478503,1.814516655633395,2.4862501338443446,4.323198617910929,2.0157925585630134
3.2,0.758013674091518,4.117068251849343,10.09334547439039,-4.452512863543617,5.93663936689149,4.218274534013525,-2.4459808601100392,1.9015828858434345,2.3626192425866446,4.35173748484625,1.7848526155306033
3.25,0.8911899325887869,3.6806279794608443,10.08365088434332,-4.530329102448066,5.7083951081254405,4.537443465346425,-2.4620664736772726,1.9996171053845648,2.184440463821905,4.32214760340131,1.6256976317037832
3.3,1.0664646937451847,3.2330832420751534,10.037109269673302,-4.495061727792857,5.450099631485401,4.794709576765825,-2.4773863239925684,2.2064540206286845,1.9553593370102649,4.243513519772499,1.5203736570008135
3.35,1.27105537291509,2.8062364024551294,10.045805442830801,-4.400982196811688,5.19445751863052,5.038867611548865,-2.3721137499179963,2.3930750117339246,1.673034082459395,4.1507384041008795,1.4894298773428436
3.4,1.420421824888485,2.4291183695137795,10.020201053107531,-4.333190036024132,4.94809402711785,5.384559997774435,-2.1821058384595142,2.5465596556261145,1.4158696506453048,4.0476306611009,1.4353757471524236
3.45,1.547587795925306,2.0711475138136195,10.04788982888795,-4.333571608586085,4.74931254193483,5.697714606086375,-2.0213209099118803,2.644558654893185,1.242015585701975,3.89496578336804,1.3830015461307235
3.5,1.671728499397648,1.6877207679898194,10.141843009848891,-4.389689151685252,4.64977457880398,6.097098473803355,-1.8723194576998274,2.631468160013795,1.0188408117189949,3.7777178019129094,1.4257756876474135
3.55,1.82832694899293,1.3707848042466093,10.152895963805861,-4.526546867692885,4.52175360965449,6.4364072270536745,-1.7502441148992265,2.664556593028415,0.7437991594069449,3.5880932846540894,1.5313238632472834
3.6,1.945009948444906,1.1535093124457596,10.120919911256951,-4.796921677292153,4.3653962786938,6.674446964052075,-1.6229605326652594,2.6138254141795247,0.581637165958395,3.3595058644351097,1.6749396056774732
3.65,1.9970292382864099,1.0118821883423497,10.038138849459731,-4.908842083335743,4.1590342318582,6.843193072304835,-1.3316380843499964,2.5519442461024946,0.43853812675994486,3.05017334186061,1.9054645729550033
3.7,1.920299485392091,0.8880977766486993,9.90092604721984,-5.011257262650408,3.76948065119439,6.947548849512175,-1.0141065660989403,2.505619074535695,0.37053597926121484,2.7342100912336296,2.2303293618913735
3.75,1.792624982125445,0.7905580609263096,9.73471473007227,-5.066214329498559,3.327483662496263,6.988116400341965,-0.7667308688801904,2.386551968318435,0.3133038917807549,2.4703118001416797,2.5071993763809735
3.8,1.7383258970695428,0.7617096096012994,9.56153883884806,-5.037870165709464,2.913602764327899,7.008498299692805,-0.4558669757368303,2.221249335108115,0.2611455985779749,2.18173186218017,2.7979811067513536
3.85,1.6745684676235708,0.8022913456948495,9.47164410961591,-5.081245375785875,2.509290234932841,6.945962734950575,-0.18577761184646047,2.0803506019744944,0.21490252715716496,1.9413851815219196,3.0814687405595236
3.9,1.570187497274153,0.9268388705974395,9.46438930449176,-5.168452318203008,2.080541892861349,6.812667517174325,0.07422836031788949,1.9598783104211552,0.17769508962771496,1.6666901035804997,3.4016069671946436
3.95,1.5234145090923659,1.1093348823808595,9.37296537228949,-5.243546023757324,1.707990174673384,6.600611262204195,0.3005666030048797,1.822117828580545,0.11244188740076488,1.4329932333888298,3.750180438718643
4.0,1.4316153359560828,1.2898077201501996,9.29824096680697,-5.367892118679382,1.3733849785131902,6.332368947817555,0.5366784031562095,1.6396533004012745,0.07362292254064484,1.27451082049999,4.079865742686294
4.05,1.2809434477266368,1.4567677269857393,9.17905015310204,-5.473733399590315,1.1135877987648202,6.128611088625345,0.8018768105363097,1.3478817871996345,0.11040088072601484,1.1886040266690099,4.343472109834414
4.1,1.101924531809723,1.5527549561975293,9.043260745996221,-5.546697967819268,0.8768806941252201,5.9714752350814155,0.9895923558487296,1.066880034894365,0.18383340373052492,1.1738696933814996,4.544710660715274
4.15,1.0379660318881199,1.6472813845841197,8.87992305318709,-5.594367321517717,0.7101322548750901,5.6849429365402155,1.0380816363632195,0.8364563087071546,0.256720331016715,1.1785025938106601,4.732230959518594
4.2,1.02346828132445,1.7803610477943095,8.65528537643099,-5.606007456279102,0.5712001314541499,5.433121187458385,1.0697730535992895,0.6595057011461947,0.2810637337290949,1.1672995743779895,4.942043957969873
4.25,0.9968272878282679,1.9516313189996892,8.357546533964381,-5.672972012663695,0.34977951601627,5.053421959590735,1.0626659151743598,0.5768421727557249,0.32664809341270495,1.15905762313331,5.099136825300444
4.3,0.9613638833689789,2.0736210627134493,8.03938272851,-5.6604662677782045,0.15781999200169006,4.715391681889285,1.0525343310817896,0.4444039834135247,0.44072777614496483,1.1742938945710097,5.253680787517394
4.35,0.9074811985223479,2.1534461917735293,7.671842941881421,-5.56079162059798,-0.0050467158860301176,4.494825341874815,1.0253028478846198,0.30875702751994494,0.47658361559973494,1.1735936687899597,5.397155290463494
4.4,0.8429751518911109,2.1477857513703595,7.3350114563913404,-5.519560602943278,-0.09434453436002999,4.334084310391075,0.9384604896330297,0.21602475469389493,0.5365124260816547,1.2023874238399195,5.513616857540283
4.45,0.909765536036371,2.1542198759699795,7.00934051765565,-5.412868979095045,-0.051346847531799966,4.224632386158835,0.8433297661851897,0.042838640479734735,0.5945575182749747,1.2538204317002197,5.5870173778152035
4.5,1.021224638149211,2.1630006123871093,6.69149433264551,-5.305209623990756,0.015485471304379939,4.120124961660105,0.8026231290191195,0.0721013734703746,0.6281013207178947,1.3008925206019297,5.698927337663403
4.55,1.0621325367003325,2.2113761715862292,6.27337283736331,-5.225549650418456,0.12314591386195994,4.066449495349345,0.6321641777798197,0.13968592031855476,0.6298040378805749,1.3474905864470896,5.800344821960284
4.6,1.1520891156969444,2.2075167472235897,5.775008358930361,-5.00471780449886,0.2276741739800201,4.043441790146375,0.48427177051062964,0.18046654503230464,0.631370297654205,1.3714388866261498,5.9179133309317935
4.65,1.3166352556130598,2.1661363289563598,5.248003271909463,-4.804752911312661,0.33347427764873006,4.034016366788795,0.3670974979852395,0.2116049763232346,0.6679722159153749,1.33143769783051,6.060523535852194
4.7,1.42150016623602,2.1036399262152496,4.810117014101057,-4.629041781519333,0.43759395307275994,4.119943088054545,0.32809622034399943,0.30421018742928485,0.718879461545425,1.2751473654669097,6.181407337284194
4.75,1.5756967161727309,1.9769811634840395,4.368962147763031,-4.360216865290594,0.60009691025002,4.211255906426345,0.28150376267573973,0.4208570102706948,0.7712324384597051,1.1735900226759695,6.283434424936064
4.8,1.769081765451714,1.8843237054016493,4.012788962660673,-4.16050969791034,0.7605274153067101,4.289248283501835,0.16194507694589966,0.6717189627805249,0.7497461213403651,0.9926569478358998,6.412162456039454
4.85,1.959847648330598,1.9365400658559695,3.6127007517934464,-4.024464558656174,0.9329293612692802,4.254895318115995,0.015623758751029726,1.0151123974469245,0.7301070223990951,0.7192692049469498,6.571435672098024
4.9,2.087376756158763,1.9627907721196296,3.2387301623549405,-3.8437007563830865,1.05114954635392,4.248028588632325,-0.08107142064244033,1.3869910435970851,0.6467307011437151,0.3928634186967699,6.808788370461394
4.95,2.152673183803498,1.9030747803368095,2.8773667002622805,-3.6048235241903144,1.08431983802165,4.213312665199325,-0.1598841241411304,1.7868278632924444,0.6154618105080247,0.11765006536865963,6.997437459495443
